Time,1.2,1.3,1.4,1.5,2.1,2.2,2.3,2.4,2.5,2.6,3.1,3.2,3.3,3.4,3.5,3.6,3.7,3.8,4.1,4.11,4.2,4.3,4.4,4.5,4.6,4.7,4.8,4.9,5.1,5.2,6.1,6.2,6.3,6.4,6.5,6.6,6.7,6.8,6.9,7.1,7.11,7.12,7.2,7.3,7.4,7.5,7.6,7.7,7.8,7.9,8.1,8.2,8.3
1,0,0,0,0,0,0,0,0,0,0,0,0,0,0,0,0,0,0,0,0,0,0,0,0,0,0,0,0,0,0,0,0,0,0,0,0,0,0,0,0,0,0,0,0,0,0,0,0,0,0,0,0,0
2,0,0,0,0,0,0,0,0,0,0,0,0,0,0,0,0,0,0,0,0,0,0,0,0,0,0,0,0,0,0,0,0,0,0,0,0,0,0,0,0,0,0,0,0,0,0,0,0,0,0,0,0,0
3,0,0,0,0,0,0,0,0,0,0,0,0,0,0,0,0,0,0,0,0,0,0,0,0,0,0,0,0,0,0,0,0,0,0,0,0,0,0,0,0,0,0,0,0,0,0,0,0,0,0,0,0,0
4,0,0,0,0,0,0,0,0,0,0,0,0,0,0,0,0,0,0,0,0,0,0,0,0,0,0,0,0,0,0,0,0,0,0,0,0,0,0,0,0,0,0,0,0,0,0,0,0,0,0,0,0,0
5,0,0,0,0,0,0,0,0,0,0,0,0,0,0,0,0,0,0,0,0,0,0,0,0,0,0,0,0,0,0,0,0,0,0,0,0,0,0,0,0,0,0,0,0,0,0,0,0,0,0,0,0,0
6,0,0,0,0,0,0,0,0,0,0,0,0,0,0,0,0,0,0,0,0,0,0,0,0,0,0,0,0,0,0,0,0,0,0,0,0,0,0,0,0,0,0,0,0,0,0,0,0,0,0,0,0,0
7,0,0,0,0,0,0,0,0,0,0,0,0,0,0,0,0,0,0,0,0,0,0,0,0,0,0,0,0,0,0,0,0,0,0,0,0,0,0,0,0,0,0,0,0,0,0,0,0,0,0,0,0,0
8,0,0,0,0,0,0,0,0,0,0,0,0,0,0,0,0,0,0,0,0,0,0,0,0,0,0,0,0,0,0,0,0,0,0,0,0,0,0,0,0,0,0,0,0,0,0,0,0,0,0,0,0,0
9,0,0,0,0,0,0,0,0,0,0,0,0,0,0,0,0,0,0,0,0,0,0,0,0,0,0,0,0,0,0,0,0,0,0,0,0,0,0,0,0,0,0,0,0,0,0,0,0,0,0,0,0,0
10,0,0,0,0,0,0,0,0,0,0,0,0,0,0,0,0,0,0,0,0,0,0,0,0,0,0,0,0,0,0,0,0,0,0,0,0,0,0,0,0,0,0,0,0,0,0,0,0,0,0,0,0,0
11,0,0,0,0,0,0,0,0,0,0,0,0,0,0,0,0,0,0,0,0,0,0,0,0,0,0,0,0,0,0,0,0,0,0,0,0,0,0,0,0,0,0,0,0,0,0,0,0,0,0,0,0,0
12,0.1,0.13,0.22,0.26,0.03,0.09,0.11,0.13,0.18,0.01,0.08,0.11,0.18,0.17,0.01,0.01,0.2,0.05,0.31,0,0.03,0.02,0,0,0.04,0,0,0.08,0.17,0.1,0.02,0.07,0.01,0,0.03,0,0.07,0,0.02,0,0.13,0.42,0.04,0.22,0.09,0.01,0.08,0.06,0.05,0.2,0.03,0.01,0.01
13,0.44,0.54,0.92,1.1,0.13,0.35,0.4,0.52,0.71,0.03,0.33,0.43,0.46,0.6,0.02,0.02,0.42,0.17,1.19,0.01,0.11,0.07,0.01,0.01,0.17,0.01,0.02,0.34,0.71,0.41,0.1,0.31,0.02,0,0.13,0,0.31,0.01,0.08,0.01,0.55,1.61,0.18,0.71,0.35,0.02,0.34,0.26,0.2,0.54,0.11,0.03,0.05
14,1.08,1.32,2.16,2.67,0.33,0.78,0.81,1.24,1.56,0.06,0.8,0.93,0.74,1.2,0.04,0.05,0.64,0.32,2.49,0.01,0.27,0.17,0.01,0.02,0.42,0.03,0.04,0.85,1.64,0.95,0.26,0.73,0.06,0.01,0.32,0.01,0.71,0.02,0.21,0.02,1.26,3.4,0.41,1.33,0.73,0.06,0.82,0.65,0.48,0.89,0.29,0.08,0.12
15,2.04,2.51,3.81,4.96,0.62,1.3,1.25,2.2,2.63,0.12,1.46,1.53,1.02,1.82,0.07,0.08,0.84,0.47,4.01,0.03,0.5,0.34,0.03,0.04,0.82,0.05,0.08,1.65,2.86,1.66,0.5,1.3,0.11,0.02,0.6,0.02,1.23,0.03,0.39,0.05,2.19,5.5,0.71,1.95,1.18,0.1,1.52,1.26,0.86,1.24,0.56,0.15,0.24
16,3.36,4.16,5.94,8.06,1.04,1.95,1.8,3.44,3.94,0.19,2.32,2.25,1.46,2.6,0.09,0.11,1.21,0.67,5.84,0.04,0.79,0.59,0.04,0.06,1.43,0.07,0.13,2.8,4.41,2.57,0.83,2.04,0.19,0.03,0.98,0.03,1.9,0.06,0.63,0.07,3.36,8.04,1.08,2.77,1.72,0.15,2.47,2.14,1.36,1.77,0.98,0.26,0.41
17,5.08,6.33,8.6,12.09,1.6,2.75,2.5,5.02,5.57,0.27,3.42,3.17,1.95,3.6,0.13,0.15,1.55,0.92,8.14,0.07,1.17,0.95,0.07,0.09,2.3,0.11,0.21,4.37,6.34,3.71,1.28,2.98,0.3,0.05,1.49,0.05,2.72,0.09,0.95,0.11,4.82,11.21,1.54,3.81,2.4,0.22,3.69,3.32,1.98,2.38,1.57,0.41,0.63
18,7.21,9.02,11.73,17,2.29,3.67,3.29,6.86,7.46,0.38,4.73,4.22,2.43,4.7,0.17,0.21,1.88,1.2,10.75,0.1,1.61,1.44,0.1,0.13,3.44,0.15,0.3,6.35,8.6,5.04,1.85,4.09,0.44,0.07,2.11,0.07,3.68,0.14,1.33,0.15,6.52,14.8,2.08,4.91,3.19,0.31,5.17,4.81,2.72,2.98,2.35,0.6,0.92
19,9.69,12.18,15.17,22.63,3.1,4.67,4.09,8.91,9.49,0.5,6.2,5.34,2.87,5.8,0.21,0.26,2.18,1.48,13.46,0.14,2.12,2.04,0.14,0.18,4.87,0.19,0.41,8.73,11.07,6.49,2.52,5.31,0.62,0.1,2.83,0.11,4.74,0.19,1.78,0.2,8.38,18.53,2.68,5.99,4.01,0.4,6.85,6.59,3.54,3.54,3.33,0.83,1.26
20,12.4,15.67,18.78,28.71,4.02,5.68,4.89,11.07,11.55,0.63,7.77,6.46,3.3,6.88,0.26,0.32,2.44,1.75,16.1,0.19,2.65,2.79,0.18,0.23,6.57,0.24,0.53,11.46,13.64,8.02,3.33,6.62,0.83,0.13,3.62,0.14,5.84,0.25,2.29,0.25,10.32,22.13,3.29,7.03,4.82,0.5,8.67,8.63,4.41,4.08,4.48,1.09,1.65
21,15.57,19.77,22.98,35.44,5.26,6.8,5.8,13.45,13.82,0.83,9.5,7.71,3.96,8.15,0.38,0.43,2.95,2.09,19.06,0.27,3.35,3.76,0.25,0.32,8.7,0.33,0.73,14.82,16.46,9.85,4.51,8.22,1.16,0.2,4.64,0.21,7.28,0.37,3.06,0.33,12.44,26.12,3.97,8.31,5.75,0.63,10.68,11.03,5.52,4.88,5.9,1.43,2.15
22,19.62,24.96,28.49,43.26,7.06,8.22,6.99,16.2,16.55,1.15,11.58,9.34,4.74,9.78,0.64,0.63,3.52,2.62,22.77,0.43,4.35,5.06,0.41,0.54,11.42,0.54,1.1,19.13,19.9,12.33,6.31,10.41,1.73,0.33,6.12,0.33,9.41,0.6,4.29,0.47,15.08,31.29,4.85,9.96,6.94,0.83,13,13.99,7.09,5.86,7.68,1.86,2.85
23,24.79,31.56,35.65,52.48,9.55,10.04,8.47,19.4,19.74,1.62,14.18,11.43,5.55,11.63,1,0.89,4.07,3.31,27.16,0.74,5.73,6.79,0.68,0.92,14.85,0.9,1.74,24.63,24.23,15.62,8.86,13.31,2.62,0.55,8.15,0.52,12.27,1,6.06,0.68,18.43,37.78,6.03,11.82,8.44,1.11,15.72,17.69,9.19,6.86,9.91,2.44,3.81
24,31.11,39.63,44.15,63.14,12.75,12.22,10.13,23.01,23.27,2.21,17.32,13.84,6.36,13.56,1.38,1.18,4.57,4.05,31.9,1.2,7.41,8.97,1.08,1.48,19.07,1.39,2.7,31.4,29.33,19.53,12.19,16.77,3.89,0.88,10.72,0.8,15.64,1.59,8.33,0.95,22.38,45.09,7.44,13.71,10.2,1.46,18.86,22.2,11.72,7.84,12.61,3.17,5.04
25,38.39,48.97,53.73,74.99,16.56,14.61,11.86,26.9,26.92,2.89,20.9,16.38,7.13,15.48,1.77,1.47,5.03,4.78,36.65,1.84,9.32,11.66,1.62,2.18,24.16,1.98,3.96,39.47,34.91,23.84,16.23,20.7,5.57,1.36,13.71,1.2,19.29,2.42,10.98,1.26,26.68,52.59,9,15.57,12.06,1.86,22.36,27.51,14.54,8.77,15.85,4.06,6.53
26,46.23,59.09,63.68,87.09,20.67,16.81,13.3,30.64,30.2,3.58,24.54,18.64,7.47,16.99,2.1,1.73,5.04,5.36,40.6,2.6,11.25,14.8,2.29,3.01,30.07,2.59,5.43,48.59,40.23,28.11,20.7,24.84,7.62,2.04,16.89,1.72,22.89,3.55,13.76,1.58,30.83,59,10.5,16.91,13.69,2.25,25.94,33.33,17.49,9.24,19.59,5.08,8.18
27,54.26,69.57,73.15,98.63,24.9,18.51,14.27,33.82,32.7,4.22,27.92,20.43,7.63,17.92,2.37,1.96,5,5.77,43.33,3.49,13.1,18.39,3.11,4.01,36.71,3.26,7.1,58.41,44.82,32.09,25.54,28.88,10.07,2.96,20.09,2.41,26.29,5.06,16.57,1.87,34.48,63.73,11.8,17.64,14.87,2.59,29.33,39.43,20.37,9.45,23.76,6.14,9.88
28,62.22,80.07,81.76,109.17,29.21,19.85,14.97,36.36,34.52,4.82,30.94,21.96,7.76,18.54,2.71,2.21,4.96,6.18,45.24,4.6,14.87,22.39,4.14,5.24,43.96,4.04,9.05,68.7,48.73,35.77,30.76,32.67,12.96,4.16,23.27,3.3,29.52,6.97,19.42,2.15,37.65,67.41,12.98,18.13,15.75,2.88,32.39,45.67,23.13,9.62,28.29,7.21,11.61
29,69.92,90.34,89.6,118.51,33.61,21.08,15.69,38.41,35.9,5.43,33.72,23.38,7.89,19.11,3.19,2.49,4.93,6.66,46.71,5.98,16.63,26.74,5.39,6.71,51.68,4.97,11.35,79.23,52.23,39.27,36.33,36.22,16.34,5.63,26.43,4.41,32.64,9.3,22.4,2.45,40.48,70.49,14.12,18.6,16.59,3.16,35.09,51.96,25.77,9.77,33.07,8.3,13.37
30,77.34,100.24,96.81,126.79,38.11,22.4,16.48,40.14,37.12,6.11,36.38,24.81,8.02,19.65,3.74,2.81,4.92,7.16,48.01,7.69,18.41,31.39,6.86,8.4,59.77,6.04,14.02,89.79,55.48,42.62,42.2,39.59,20.2,7.38,29.65,5.76,35.69,12.04,25.6,2.79,43.09,73.27,15.25,19.04,17.53,3.46,37.51,58.22,28.33,9.91,38.04,9.4,15.19
31,84.13,109.34,102.81,133.67,42.54,23.59,17.08,41.51,38.06,6.79,38.77,25.96,7.9,19.94,4.19,3.09,4.68,7.5,48.72,9.62,20.09,36.22,8.46,10.14,67.97,7.09,16.87,99.9,58.22,45.53,48.06,42.53,24.39,9.32,32.75,7.3,38.36,15.05,28.75,3.13,45.28,74.95,16.27,19.17,18.32,3.77,39.58,64.19,30.61,9.8,43.04,10.49,16.97
32,89.93,117.18,107.01,138.87,46.58,24.37,17.3,42.48,38.51,7.4,40.71,26.6,7.7,19.88,4.44,3.27,4.44,7.63,48.61,11.6,21.51,41.07,10.03,11.72,76.03,7.99,19.65,109.09,60.07,47.67,53.52,44.82,28.69,11.37,35.51,8.99,40.31,18.14,31.57,3.44,46.78,75.06,17.02,18.94,18.74,4.03,41.22,69.59,32.41,9.57,47.93,11.52,18.65
33,94.55,123.52,109.27,142.32,50.08,24.75,17.26,43.02,38.49,7.9,42.12,26.83,7.51,19.63,4.57,3.38,4.21,7.67,47.95,13.49,22.6,45.84,11.49,13.05,83.75,8.67,22.2,117.11,60.94,48.99,58.34,46.39,32.9,13.44,37.82,10.79,41.53,21.16,33.91,3.69,47.55,74.07,17.5,18.59,18.87,4.24,42.44,74.26,33.7,9.34,52.57,12.46,20.14
34,98.02,128.34,109.99,144.14,52.97,24.85,17.14,43.2,38.15,8.27,43.04,26.8,7.31,19.34,4.66,3.46,4,7.69,47.05,15.22,23.4,50.42,12.79,14.08,91,9.15,24.43,123.84,61.07,49.68,62.42,47.39,36.85,15.45,39.67,12.66,42.21,23.99,35.74,3.88,47.78,72.57,17.79,18.24,18.83,4.39,43.26,78.15,34.56,9.11,56.89,13.29,21.43
35,100.5,131.83,109.7,144.53,55.31,24.83,17,43.12,37.69,8.56,43.58,26.67,7.11,19.05,4.76,3.54,3.82,7.69,46.15,16.75,23.97,54.74,13.9,14.88,97.65,9.5,26.32,129.31,60.73,49.94,65.76,47.97,40.44,17.35,41.12,14.55,42.54,26.58,37.12,4.03,47.64,71.04,17.97,17.91,18.75,4.51,43.77,81.29,35.12,8.89,60.82,14.01,22.52
36,102.1,134.15,108.75,143.76,57.13,24.72,16.8,42.81,37.16,8.77,43.81,26.45,6.87,18.73,4.82,3.6,3.6,7.66,45.22,18.06,24.36,58.69,14.83,15.46,103.57,9.75,27.87,133.61,60.13,49.89,68.42,48.22,43.63,19.09,42.19,16.42,42.63,28.86,38.1,4.14,47.29,69.25,18.08,17.53,18.61,4.6,44.01,83.77,35.46,8.62,64.3,14.62,23.44
37,102.89,135.36,107.33,142.11,58.44,24.49,16.54,42.37,36.55,8.92,43.79,26.13,6.63,18.37,4.83,3.64,3.39,7.58,44.13,19.15,24.63,62.24,15.58,15.88,108.74,9.94,29.06,136.87,59.32,49.6,70.4,48.22,46.38,20.65,42.92,18.24,42.49,30.83,38.74,4.22,46.77,67.15,18.12,17.08,18.38,4.67,44.02,85.64,35.62,8.34,67.3,15.14,24.19
38,103.01,135.61,105.5,139.91,59.31,24.16,16.25,41.81,35.89,9.04,43.58,25.74,6.41,17.98,4.82,3.67,3.19,7.48,42.94,19.99,24.79,65.35,16.14,16.17,113.16,10.07,29.93,139.14,58.34,49.11,71.78,47.97,48.73,22.02,43.38,19.96,42.17,32.49,39.12,4.29,46.1,64.93,18.08,16.61,18.1,4.73,43.86,86.92,35.62,8.07,69.87,15.58,24.76
39,102.61,135.08,103.48,137.4,59.83,23.8,15.95,41.2,35.22,9.12,43.22,25.32,6.2,17.58,4.79,3.68,3.02,7.39,41.74,20.6,24.87,68.07,16.56,16.37,116.92,10.16,30.52,140.56,57.28,48.49,72.67,47.58,50.66,23.2,43.66,21.57,41.72,33.83,39.32,4.34,45.36,62.76,17.98,16.17,17.8,4.77,43.55,87.69,35.49,7.82,72.04,15.93,25.19
40,101.84,134.05,101.27,134.8,60.13,23.44,15.65,40.56,34.54,9.18,42.75,24.89,6,17.2,4.76,3.7,2.87,7.29,40.62,21.04,24.87,70.43,16.86,16.51,120.03,10.21,30.92,141.25,56.14,47.8,73.2,47.08,52.2,24.2,43.81,23.06,41.2,34.9,39.38,4.38,44.58,60.8,17.84,15.76,17.52,4.8,43.14,88.06,35.24,7.59,73.84,16.21,25.51
41,100.81,132.65,98.95,132.05,60.24,23.07,15.34,39.94,33.85,9.22,42.21,24.45,5.8,16.82,4.72,3.7,2.71,7.19,39.56,21.34,24.82,72.45,17.1,16.58,122.56,10.22,31.2,141.37,54.94,47.06,73.47,46.5,53.37,25.02,43.82,24.41,40.63,35.73,39.29,4.42,43.77,58.89,17.68,15.35,17.22,4.82,42.65,88.14,34.94,7.35,75.31,16.43,25.76
42,99.57,130.97,96.58,129.12,60.15,22.67,15.02,39.3,33.15,9.24,41.63,23.97,5.59,16.45,4.66,3.7,2.57,7.06,38.51,21.56,24.7,74.15,17.28,16.58,124.56,10.21,31.34,141.01,53.72,46.25,73.47,45.86,54.23,25.68,43.7,25.64,40.01,36.35,39.05,4.44,42.92,56.96,17.5,14.95,16.9,4.84,42.11,87.94,34.58,7.11,76.48,16.61,25.94
43,98.18,129.07,94.24,126.11,59.87,22.26,14.71,38.65,32.46,9.24,41.03,23.5,5.39,16.08,4.59,3.69,2.45,6.94,37.46,21.68,24.52,75.55,17.4,16.53,126.06,10.16,31.37,140.18,52.49,45.4,73.21,45.19,54.85,26.2,43.47,26.73,39.34,36.82,38.72,4.46,42.05,55.03,17.3,14.55,16.58,4.85,41.55,87.5,34.17,6.88,77.38,16.76,26.06
44,96.71,127.05,92.04,123.13,59.42,21.84,14.41,37.99,31.8,9.23,40.4,23.03,5.21,15.73,4.52,3.67,2.32,6.82,36.43,21.73,24.31,76.7,17.46,16.43,127.13,10.08,31.28,138.97,51.32,44.55,72.72,44.49,55.29,26.62,43.13,27.68,38.65,37.17,38.32,4.47,41.19,53.15,17.09,14.16,16.27,4.86,41,86.81,33.73,6.66,78.05,16.88,26.13
45,95.17,124.95,89.87,120.32,58.86,21.44,14.12,37.35,31.16,9.2,39.73,22.59,5.04,15.39,4.45,3.66,2.21,6.71,35.43,21.7,24.08,77.62,17.48,16.29,127.86,9.99,31.09,137.53,50.18,43.71,72.08,43.78,55.57,26.95,42.73,28.5,37.97,37.42,37.87,4.47,40.38,51.38,16.87,13.78,15.97,4.86,40.43,85.96,33.28,6.45,78.53,16.97,26.15
46,93.57,122.75,87.7,117.63,58.24,21.05,13.83,36.72,30.54,9.16,39.06,22.14,4.85,15.06,4.38,3.63,2.09,6.6,34.44,21.61,23.83,78.35,17.46,16.11,128.28,9.88,30.82,135.91,49.07,42.9,71.34,43.05,55.7,27.21,42.29,29.2,37.3,37.55,37.39,4.47,39.57,49.66,16.65,13.4,15.67,4.85,39.85,85.02,32.82,6.23,78.84,17.04,26.12
47,91.93,120.52,85.52,114.95,57.57,20.65,13.54,36.08,29.92,9.1,38.4,21.68,4.66,14.7,4.3,3.6,1.97,6.48,33.43,21.47,23.56,78.92,17.4,15.9,128.41,9.76,30.48,134.14,47.95,42.05,70.49,42.32,55.67,27.41,41.81,29.77,36.62,37.59,36.87,4.47,38.74,47.91,16.41,13,15.36,4.84,39.25,84.01,32.32,6.01,79.01,17.09,26.06
48,90.27,118.27,83.3,112.3,56.84,20.24,13.26,35.45,29.3,9.04,37.75,21.22,4.49,14.34,4.22,3.57,1.86,6.35,32.43,21.26,23.28,79.35,17.29,15.66,128.27,9.62,30.08,132.26,46.85,41.17,69.55,41.58,55.51,27.54,41.3,30.24,35.89,37.52,36.29,4.46,37.9,46.14,16.17,12.61,15.05,4.82,38.65,82.93,31.81,5.79,79.02,17.13,25.96
49,88.65,116.07,81.08,109.7,56.07,19.84,12.97,34.81,28.68,8.96,37.09,20.78,4.33,13.98,4.15,3.53,1.76,6.23,31.44,21.01,22.98,79.65,17.15,15.38,127.88,9.46,29.64,130.29,45.73,40.29,68.52,40.79,55.22,27.61,40.78,30.61,35.15,37.36,35.68,4.44,37.08,44.39,15.93,12.23,14.75,4.8,38.06,81.83,31.3,5.59,78.88,17.14,25.83
50,87.02,113.85,78.86,107.11,55.27,19.46,12.69,34.2,28.06,8.87,36.43,20.34,4.19,13.63,4.08,3.5,1.67,6.11,30.48,20.72,22.67,79.81,16.96,15.09,127.24,9.3,29.16,128.24,44.62,39.42,67.42,39.98,54.8,27.62,40.22,30.9,34.41,37.1,35.07,4.42,36.28,42.71,15.7,11.87,14.47,4.78,37.48,80.64,30.79,5.41,78.62,17.14,25.66
51,85.35,111.58,76.68,104.54,54.43,19.1,12.42,33.62,27.44,8.79,35.77,19.92,4.06,13.3,4,3.46,1.58,6.01,29.55,20.41,22.35,79.85,16.75,14.8,126.38,9.13,28.65,126.17,43.54,38.59,66.29,39.19,54.25,27.57,39.64,31.13,33.7,36.75,34.48,4.4,35.49,41.14,15.46,11.52,14.2,4.75,36.88,79.44,30.27,5.24,78.24,17.11,25.46
52,83.69,109.34,74.58,102.01,53.59,18.75,12.15,33.06,26.84,8.7,35.13,19.5,3.94,12.96,3.93,3.43,1.5,5.9,28.66,20.07,22.06,79.79,16.52,14.51,125.3,8.97,28.11,124.13,42.49,37.79,65.17,38.42,53.62,27.47,39.07,31.31,33.03,36.32,33.92,4.37,34.72,39.68,15.23,11.18,13.92,4.72,36.3,78.26,29.74,5.09,77.75,17.08,25.23
53,82.07,107.17,72.55,99.53,52.79,18.41,11.89,32.52,26.26,8.62,34.52,19.1,3.83,12.64,3.86,3.39,1.42,5.8,27.8,19.71,21.78,79.62,16.27,14.24,124.06,8.83,27.57,122.16,41.47,37.01,64.09,37.69,52.94,27.33,38.52,31.44,32.38,35.83,33.38,4.34,33.97,38.35,15.01,10.86,13.66,4.69,35.73,77.1,29.23,4.96,77.15,17.03,25
54,80.53,105.09,70.56,97.14,52.04,18.07,11.64,31.98,25.68,8.53,33.94,18.72,3.73,12.33,3.79,3.35,1.35,5.7,27,19.33,21.5,79.36,16.02,13.99,122.75,8.69,27.05,120.23,40.49,36.26,63.08,36.99,52.21,27.14,38.02,31.52,31.75,35.3,32.84,4.31,33.25,37.15,14.78,10.56,13.4,4.66,35.19,76.01,28.73,4.83,76.46,16.97,24.76
55,79.06,103.11,68.59,94.8,51.31,17.75,11.38,31.46,25.11,8.45,33.39,18.34,3.63,12.03,3.73,3.32,1.29,5.6,26.25,18.95,21.23,79.02,15.75,13.74,121.39,8.56,26.57,118.29,39.51,35.54,62.09,36.32,51.45,26.91,37.52,31.56,31.14,34.74,32.3,4.28,32.54,36.06,14.57,10.28,13.16,4.62,34.68,74.93,28.25,4.71,75.73,16.9,24.53
56,77.66,101.2,66.68,92.51,50.59,17.44,11.14,30.94,24.56,8.37,32.86,17.96,3.54,11.74,3.66,3.29,1.24,5.51,25.58,18.59,20.96,78.6,15.48,13.5,120.01,8.42,26.14,116.35,38.56,34.85,61.11,35.67,50.67,26.64,37.02,31.56,30.56,34.14,31.77,4.25,31.84,35.03,14.36,10.03,12.91,4.59,34.19,73.86,27.79,4.6,74.98,16.82,24.3
57,76.3,99.36,64.83,90.26,49.88,17.13,10.9,30.44,24.02,8.28,32.34,17.58,3.45,11.47,3.6,3.26,1.2,5.42,24.97,18.25,20.69,78.1,15.22,13.26,118.64,8.29,25.71,114.43,37.62,34.19,60.12,35.05,49.86,26.33,36.53,31.53,30,33.54,31.24,4.22,31.15,34.07,14.16,9.81,12.67,4.56,33.73,72.79,27.35,4.49,74.22,16.74,24.08
58,74.99,97.59,63.04,88.07,49.17,16.83,10.66,29.94,23.5,8.21,31.84,17.22,3.36,11.2,3.54,3.23,1.17,5.34,24.43,17.95,20.43,77.54,14.98,13.01,117.29,8.16,25.28,112.57,36.72,33.52,59.15,34.46,49.06,26,36.04,31.47,29.47,32.95,30.73,4.18,30.48,33.18,13.98,9.61,12.43,4.54,33.28,71.75,26.93,4.39,73.47,16.64,23.86
59,73.74,95.91,61.29,85.97,48.48,16.53,10.43,29.44,23.01,8.14,31.37,16.86,3.28,10.96,3.48,3.21,1.15,5.25,23.92,17.67,20.17,76.92,14.75,12.78,115.96,8.04,24.85,110.79,35.85,32.87,58.2,33.89,48.31,25.65,35.57,31.38,28.95,32.4,30.24,4.15,29.82,32.36,13.8,9.42,12.19,4.51,32.84,70.73,26.52,4.3,72.75,16.54,23.64
60,72.55,94.3,59.59,83.95,47.79,16.23,10.21,28.93,22.52,8.07,30.91,16.51,3.19,10.74,3.43,3.18,1.13,5.16,23.44,17.38,19.91,76.26,14.55,12.54,114.67,7.91,24.43,109.08,35,32.22,57.26,33.35,47.6,25.29,35.1,31.25,28.44,31.87,29.77,4.12,29.17,31.59,13.63,9.24,11.96,4.48,32.42,69.74,26.14,4.2,72.04,16.44,23.43
61,71.41,92.75,57.97,81.98,47.12,15.94,9.99,28.44,22.06,8.01,30.46,16.17,3.11,10.54,3.37,3.15,1.11,5.08,22.99,17.1,19.66,75.6,14.35,12.31,113.44,7.78,24.02,107.44,34.18,31.58,56.35,32.81,46.96,24.92,34.63,31.11,27.93,31.39,29.32,4.09,28.55,30.83,13.46,9.07,11.73,4.46,32.01,68.8,25.77,4.1,71.35,16.33,23.24
62,70.3,91.22,56.46,80.08,46.48,15.65,9.79,27.96,21.62,7.94,30.02,15.83,3.03,10.36,3.32,3.12,1.09,4.99,22.57,16.82,19.43,74.95,14.14,12.08,112.27,7.65,23.61,105.89,33.38,30.95,55.48,32.28,46.35,24.54,34.19,30.93,27.42,30.93,28.89,4.06,27.93,30.09,13.3,8.91,11.51,4.43,31.61,67.91,25.42,4.01,70.7,16.24,23.06
63,69.19,89.7,55.06,78.28,45.87,15.37,9.59,27.48,21.21,7.88,29.58,15.51,2.95,10.2,3.27,3.09,1.09,4.91,22.18,16.55,19.2,74.31,13.94,11.86,111.16,7.53,23.21,104.41,32.63,30.33,54.65,31.75,45.74,24.18,33.77,30.73,26.92,30.47,28.47,4.03,27.34,29.36,13.15,8.76,11.29,4.41,31.21,67.06,25.08,3.92,70.08,16.14,22.89
64,68.1,88.2,53.77,76.6,45.29,15.08,9.4,27.01,20.84,7.81,29.14,15.19,2.87,10.04,3.23,3.07,1.08,4.82,21.79,16.28,18.99,73.68,13.75,11.64,110.04,7.41,22.81,103.01,31.94,29.72,53.85,31.23,45.13,23.84,33.37,30.51,26.42,30.02,28.07,4.01,26.76,28.64,13,8.62,11.07,4.39,30.81,66.26,24.75,3.82,69.5,16.06,22.71
65,67.02,86.71,52.61,75.06,44.74,14.81,9.22,26.56,20.51,7.75,28.7,14.89,2.79,9.9,3.18,3.04,1.07,4.74,21.42,16.01,18.79,73.08,13.55,11.43,108.94,7.3,22.43,101.66,31.31,29.12,53.08,30.71,44.53,23.51,32.99,30.27,25.93,29.57,27.69,3.99,26.2,27.93,12.86,8.47,10.87,4.37,30.42,65.48,24.43,3.73,68.91,15.98,22.54
66,65.94,85.23,51.54,73.67,44.21,14.54,9.07,26.12,20.21,7.68,28.25,14.6,2.71,9.76,3.14,3.01,1.07,4.66,21.04,15.74,18.59,72.49,13.36,11.23,107.84,7.19,22.06,100.38,30.74,28.52,52.34,30.19,43.95,23.21,32.62,30,25.44,29.13,27.33,3.96,25.67,27.22,12.71,8.33,10.66,4.35,30.02,64.74,24.1,3.64,68.33,15.89,22.36
67,64.86,83.76,50.55,72.42,43.7,14.28,8.93,25.7,19.94,7.62,27.82,14.33,2.64,9.63,3.1,2.98,1.06,4.58,20.67,15.48,18.4,71.93,13.17,11.03,106.77,7.08,21.71,99.18,30.22,27.94,51.64,29.68,43.36,22.94,32.27,29.72,24.95,28.7,27,3.94,25.18,26.51,12.57,8.19,10.47,4.32,29.62,64.04,23.78,3.55,67.76,15.81,22.19
68,63.79,82.31,49.64,71.25,43.21,14.03,8.8,25.29,19.69,7.56,27.38,14.08,2.57,9.51,3.06,2.96,1.06,4.5,20.31,15.22,18.23,71.41,12.98,10.85,105.71,6.97,21.36,98.01,29.73,27.37,50.98,29.17,42.78,22.68,31.93,29.41,24.47,28.26,26.68,3.92,24.73,25.81,12.42,8.05,10.29,4.3,29.22,63.37,23.46,3.46,67.19,15.74,22.02
69,62.73,80.86,48.82,70.17,42.75,13.78,8.68,24.9,19.45,7.5,26.95,13.86,2.5,9.39,3.02,2.93,1.06,4.42,19.94,14.98,18.06,70.93,12.79,10.68,104.67,6.87,21.03,96.85,29.27,26.82,50.37,28.66,42.2,22.42,31.62,29.1,24,27.83,26.36,3.9,24.33,25.13,12.28,7.91,10.12,4.28,28.82,62.74,23.14,3.37,66.64,15.67,21.85
70,61.67,79.43,48.07,69.15,42.33,13.55,8.57,24.53,19.22,7.43,26.53,13.66,2.44,9.27,2.98,2.91,1.05,4.34,19.58,14.73,17.9,70.47,12.6,10.52,103.63,6.78,20.72,95.7,28.85,26.3,49.8,28.16,41.63,22.16,31.32,28.78,23.54,27.4,26.05,3.88,23.96,24.47,12.13,7.77,9.97,4.26,28.43,62.11,22.82,3.29,66.08,15.61,21.69
71,60.63,78.03,47.35,68.22,41.92,13.33,8.47,24.2,19.01,7.37,26.11,13.47,2.38,9.16,2.93,2.88,1.05,4.27,19.21,14.5,17.74,70.02,12.42,10.38,102.61,6.7,20.43,94.56,28.47,25.81,49.23,27.67,41.06,21.91,31.03,28.46,23.08,26.97,25.74,3.86,23.61,23.82,11.98,7.62,9.84,4.24,28.03,61.48,22.49,3.21,65.53,15.55,21.52
72,59.61,76.65,46.64,67.36,41.51,13.13,8.37,23.9,18.81,7.31,25.7,13.29,2.32,9.04,2.89,2.86,1.05,4.2,18.85,14.27,17.58,69.57,12.24,10.23,101.62,6.62,20.17,93.43,28.11,25.36,48.67,27.19,40.52,21.66,30.75,28.14,22.64,26.55,25.44,3.83,23.29,23.2,11.83,7.48,9.72,4.22,27.65,60.85,22.17,3.14,64.99,15.49,21.35
73,58.6,75.3,45.95,66.53,41.1,12.96,8.28,23.64,18.61,7.25,25.31,13.13,2.27,8.92,2.85,2.84,1.05,4.14,18.48,14.05,17.42,69.12,12.06,10.09,100.69,6.54,19.92,92.29,27.76,24.95,48.11,26.72,39.99,21.41,30.47,27.82,22.22,26.14,25.13,3.81,23,22.61,11.68,7.34,9.6,4.2,27.27,60.23,21.84,3.07,64.46,15.43,21.19
74,57.61,73.96,45.27,65.72,40.7,12.8,8.19,23.4,18.41,7.2,24.92,12.98,2.23,8.81,2.81,2.82,1.05,4.08,18.11,13.84,17.27,68.68,11.89,9.95,99.8,6.46,19.67,91.16,27.42,24.57,47.56,26.25,39.48,21.17,30.19,27.51,21.84,25.74,24.83,3.79,22.73,22.04,11.54,7.2,9.49,4.18,26.9,59.61,21.52,3,63.94,15.37,21.02
75,56.63,72.66,44.61,64.91,40.3,12.65,8.11,23.18,18.22,7.14,24.54,12.85,2.2,8.69,2.77,2.79,1.05,4.02,17.74,13.65,17.11,68.24,11.73,9.81,98.96,6.39,19.43,90.02,27.08,24.22,47.01,25.8,38.99,20.93,29.91,27.23,21.48,25.35,24.52,3.77,22.48,21.5,11.39,7.06,9.39,4.15,26.54,58.98,21.21,2.94,63.43,15.31,20.87
76,55.66,71.42,43.92,64.09,39.89,12.5,8.01,22.96,18.01,7.09,24.16,12.7,2.15,8.56,2.73,2.77,1.02,3.97,17.35,13.48,16.95,67.8,11.57,9.67,98.17,6.31,19.19,88.86,26.73,23.88,46.45,25.37,38.51,20.69,29.62,26.96,21.13,24.98,24.21,3.75,22.22,20.92,11.24,6.89,9.29,4.13,26.19,58.34,20.88,2.87,62.94,15.24,20.72
77,54.69,70.2,43.14,63.2,39.47,12.33,7.88,22.72,17.76,7.04,23.79,12.53,2.1,8.39,2.68,2.75,1,3.9,16.91,13.31,16.77,67.34,11.42,9.53,97.41,6.23,18.94,87.66,26.33,23.53,45.88,24.94,38.05,20.44,29.32,26.72,20.78,24.62,23.87,3.72,21.92,20.3,11.07,6.7,9.17,4.11,25.82,57.67,20.54,2.79,62.47,15.18,20.57
78,53.74,69.02,42.28,62.24,39.01,12.15,7.75,22.46,17.48,6.98,23.41,12.33,2.05,8.22,2.62,2.73,0.98,3.84,16.43,13.14,16.58,66.88,11.27,9.38,96.66,6.14,18.69,86.41,25.88,23.18,45.27,24.5,37.6,20.2,29,26.5,20.42,24.28,23.52,3.7,21.59,19.65,10.89,6.51,9.03,4.08,25.44,56.97,20.17,2.72,62.01,15.1,20.42
79,52.8,67.85,41.35,61.18,38.53,11.97,7.61,22.19,17.17,6.92,23.04,12.13,2.01,8.03,2.57,2.7,0.96,3.78,15.94,12.97,16.38,66.41,11.13,9.22,95.93,6.05,18.42,85.12,25.39,22.82,44.64,24.07,37.17,19.95,28.65,26.27,20.06,23.95,23.15,3.67,21.24,19.04,10.71,6.32,8.89,4.05,25.06,56.23,19.8,2.65,61.56,15.02,20.27
80,51.89,66.71,40.39,60.06,38.02,11.79,7.47,21.9,16.86,6.85,22.68,11.93,1.97,7.85,2.52,2.68,0.94,3.72,15.47,12.79,16.16,65.92,11,9.07,95.19,5.96,18.15,83.79,24.89,22.45,43.99,23.65,36.76,19.7,28.28,26.05,19.72,23.64,22.77,3.64,20.87,18.49,10.52,6.13,8.75,4.01,24.69,55.45,19.42,2.6,61.12,14.94,20.11
81,50.99,65.57,39.37,58.87,37.48,11.6,7.32,21.6,16.53,6.79,22.31,11.71,1.92,7.66,2.46,2.65,0.91,3.66,14.99,12.61,15.93,65.41,10.86,8.91,94.46,5.87,17.87,82.4,24.36,22.07,43.3,23.23,36.35,19.44,27.9,25.83,19.38,23.34,22.36,3.6,20.49,17.95,10.33,5.94,8.6,3.98,24.33,54.63,19.02,2.53,60.67,14.85,19.94
82,50.07,64.42,38.29,57.6,36.91,11.4,7.16,21.28,16.18,6.73,21.93,11.48,1.86,7.44,2.4,2.62,0.88,3.59,14.48,12.42,15.69,64.89,10.72,8.74,93.7,5.77,17.57,80.95,23.79,21.66,42.57,22.81,35.93,19.18,27.48,25.6,19.04,23.03,21.94,3.57,20.08,17.37,10.13,5.73,8.44,3.95,23.97,53.78,18.63,2.46,60.21,14.75,19.77
83,49.15,63.27,37.14,56.24,36.31,11.19,6.99,20.94,15.8,6.66,21.56,11.23,1.82,7.21,2.34,2.59,0.85,3.52,13.95,12.23,15.43,64.34,10.57,8.56,92.89,5.66,17.26,79.46,23.19,21.23,41.81,22.38,35.49,18.92,27.05,25.38,18.67,22.72,21.5,3.53,19.64,16.79,9.93,5.52,8.27,3.91,23.6,52.88,18.24,2.39,59.73,14.64,19.59
84,48.24,62.13,35.94,54.81,35.67,10.97,6.82,20.58,15.4,6.59,21.18,10.97,1.77,6.99,2.27,2.56,0.82,3.45,13.44,12.03,15.17,63.76,10.42,8.39,92.04,5.55,16.94,77.91,22.56,20.78,41.02,21.96,35.04,18.66,26.59,25.14,18.3,22.41,21.04,3.49,19.18,16.24,9.73,5.32,8.1,3.87,23.23,51.94,17.85,2.33,59.25,14.52,19.41
85,47.34,61,34.72,53.34,35.02,10.75,6.65,20.21,15.01,6.51,20.82,10.71,1.72,6.76,2.21,2.53,0.8,3.39,12.97,11.83,14.89,63.18,10.27,8.2,91.14,5.44,16.61,76.32,21.92,20.32,40.2,21.54,34.58,18.39,26.11,24.9,17.92,22.09,20.57,3.46,18.72,15.74,9.54,5.14,7.93,3.83,22.87,50.98,17.47,2.27,58.75,14.4,19.22
86,46.47,59.85,33.5,51.83,34.35,10.53,6.48,19.83,14.61,6.43,20.45,10.46,1.68,6.55,2.15,2.49,0.78,3.32,12.55,11.62,14.61,62.6,10.11,8.02,90.21,5.33,16.27,74.69,21.27,19.86,39.37,21.12,34.11,18.13,25.63,24.66,17.54,21.76,20.09,3.42,18.25,15.29,9.35,4.98,7.76,3.8,22.5,49.99,17.1,2.22,58.22,14.27,19.03
87,45.59,58.69,32.28,50.31,33.66,10.32,6.31,19.46,14.22,6.36,20.09,10.2,1.64,6.34,2.09,2.46,0.76,3.26,12.17,11.41,14.33,62.01,9.95,7.83,89.23,5.22,15.93,73.08,20.64,19.41,38.52,20.7,33.62,17.88,25.13,24.41,17.17,21.43,19.61,3.38,17.79,14.86,9.18,4.83,7.59,3.76,22.15,49,16.76,2.16,57.67,14.14,18.82
88,44.71,57.53,31.09,48.8,32.97,10.1,6.14,19.09,13.84,6.28,19.74,9.95,1.61,6.14,2.04,2.43,0.74,3.19,11.83,11.19,14.05,61.42,9.79,7.65,88.22,5.11,15.58,71.51,20.01,18.96,37.66,20.3,33.12,17.63,24.64,24.16,16.81,21.1,19.13,3.34,17.34,14.47,9.01,4.7,7.42,3.72,21.81,48,16.43,2.12,57.1,14,18.62
89,43.85,56.39,29.94,47.29,32.28,9.9,5.98,18.73,13.45,6.2,19.39,9.71,1.58,5.95,1.98,2.4,0.72,3.13,11.51,10.98,13.77,60.83,9.63,7.46,87.17,5,15.22,69.99,19.39,18.52,36.8,19.9,32.61,17.39,24.14,23.9,16.45,20.77,18.66,3.31,16.89,14.1,8.85,4.59,7.26,3.69,21.47,47,16.12,2.08,56.51,13.87,18.41
90,43,55.26,28.8,45.82,31.59,9.69,5.82,18.37,13.08,6.12,19.05,9.47,1.55,5.76,1.93,2.37,0.71,3.07,11.23,10.76,13.49,60.24,9.47,7.27,86.11,4.88,14.87,68.53,18.78,18.09,35.93,19.51,32.1,17.17,23.65,23.63,16.1,20.43,18.21,3.27,16.45,13.77,8.7,4.48,7.1,3.65,21.14,46.02,15.82,2.04,55.91,13.74,18.2
91,42.18,54.16,27.69,44.38,30.9,9.49,5.66,18.02,12.71,6.05,18.71,9.23,1.52,5.59,1.89,2.33,0.69,3.01,10.97,10.54,13.22,59.65,9.31,7.08,85.02,4.77,14.51,67.15,18.18,17.67,35.08,19.12,31.59,16.94,23.16,23.37,15.75,20.1,17.78,3.24,16.01,13.47,8.56,4.38,6.94,3.62,20.82,45.08,15.55,2,55.31,13.61,17.99
92,41.36,53.07,26.62,42.97,30.23,9.29,5.5,17.67,12.35,5.97,18.39,9,1.49,5.43,1.84,2.3,0.68,2.95,10.74,10.32,12.95,59.08,9.15,6.9,83.92,4.66,14.16,65.84,17.6,17.25,34.24,18.75,31.07,16.73,22.68,23.1,15.41,19.76,17.37,3.21,15.58,13.18,8.43,4.29,6.78,3.59,20.5,44.19,15.28,1.96,54.69,13.49,17.78
93,40.57,52,25.59,41.6,29.55,9.1,5.35,17.33,12,5.89,18.06,8.76,1.47,5.27,1.8,2.27,0.67,2.89,10.54,10.1,12.68,58.52,8.99,6.71,82.81,4.55,13.8,64.59,17.03,16.84,33.43,18.38,30.55,16.51,22.2,22.82,15.08,19.42,16.99,3.18,15.16,12.92,8.3,4.22,6.63,3.55,20.19,43.35,15.02,1.93,54.07,13.36,17.58
94,39.79,50.96,24.6,40.28,28.9,8.9,5.2,16.99,11.67,5.82,17.75,8.53,1.44,5.13,1.76,2.24,0.66,2.84,10.35,9.88,12.43,57.98,8.83,6.52,81.68,4.44,13.45,63.42,16.49,16.43,32.66,18.02,30.03,16.29,21.73,22.54,14.76,19.09,16.62,3.15,14.74,12.67,8.18,4.14,6.48,3.52,19.89,42.55,14.77,1.9,53.44,13.24,17.37
95,39.03,49.94,23.64,39.02,28.29,8.71,5.05,16.66,11.35,5.74,17.44,8.31,1.42,5.01,1.73,2.21,0.65,2.78,10.17,9.66,12.18,57.43,8.67,6.34,80.55,4.33,13.1,62.31,15.96,16.03,31.92,17.67,29.51,16.08,21.28,22.26,14.43,18.75,16.26,3.12,14.32,12.44,8.06,4.08,6.33,3.48,19.59,41.79,14.52,1.87,52.81,13.13,17.16
96,38.28,48.94,22.73,37.81,27.7,8.52,4.91,16.33,11.04,5.66,17.14,8.08,1.4,4.9,1.69,2.18,0.64,2.72,10,9.44,11.95,56.89,8.51,6.16,79.42,4.22,12.75,61.28,15.45,15.64,31.22,17.32,28.99,15.87,20.85,21.98,14.12,18.42,15.93,3.09,13.92,12.22,7.94,4.01,6.18,3.45,19.3,41.07,14.29,1.85,52.18,13.01,16.95
97,37.55,47.95,21.88,36.65,27.15,8.34,4.77,16,10.75,5.59,16.84,7.86,1.38,4.8,1.66,2.14,0.64,2.67,9.85,9.23,11.73,56.35,8.36,5.99,78.28,4.11,12.4,60.3,14.96,15.25,30.56,16.98,28.47,15.66,20.44,21.7,13.81,18.08,15.63,3.06,13.52,12.02,7.83,3.95,6.03,3.42,19.01,40.39,14.05,1.82,51.54,12.9,16.74
98,36.83,46.98,21.1,35.55,26.63,8.15,4.63,15.68,10.47,5.51,16.55,7.64,1.36,4.71,1.63,2.11,0.63,2.61,9.7,9.01,11.53,55.81,8.2,5.83,77.14,4,12.07,59.35,14.5,14.87,29.93,16.65,27.95,15.45,20.06,21.42,13.51,17.75,15.36,3.03,13.13,11.83,7.72,3.9,5.88,3.38,18.73,39.76,13.82,1.8,50.91,12.79,16.53
99,36.13,46.04,20.39,34.5,26.13,7.97,4.51,15.36,10.2,5.43,16.26,7.43,1.35,4.63,1.6,2.08,0.63,2.56,9.57,8.79,11.34,55.28,8.04,5.67,76,3.9,11.74,58.42,14.05,14.49,29.34,16.32,27.43,15.24,19.71,21.14,13.2,17.42,15.1,3,12.75,11.66,7.61,3.85,5.74,3.35,18.45,39.17,13.6,1.78,50.28,12.69,16.32
100,35.44,45.11,19.75,33.53,25.66,7.79,4.38,15.05,9.96,5.36,15.97,7.23,1.33,4.56,1.57,2.05,0.62,2.51,9.44,8.58,11.15,54.75,7.88,5.52,74.85,3.8,11.43,57.53,13.63,14.11,28.8,16,26.91,15.03,19.37,20.87,12.9,17.08,14.85,2.97,12.38,11.5,7.5,3.8,5.59,3.32,18.18,38.61,13.38,1.76,49.64,12.58,16.11
101,34.75,44.19,19.18,32.65,25.22,7.61,4.26,14.73,9.74,5.28,15.69,7.02,1.32,4.49,1.54,2.02,0.62,2.45,9.32,8.36,10.98,54.22,7.72,5.38,73.71,3.71,11.14,56.66,13.25,13.74,28.3,15.68,26.39,14.83,19.04,20.6,12.61,16.75,14.61,2.94,12.02,11.35,7.4,3.75,5.45,3.29,17.91,38.06,13.17,1.74,49.01,12.47,15.9
102,34.08,43.27,18.66,31.85,24.81,7.44,4.15,14.43,9.54,5.21,15.41,6.83,1.31,4.43,1.51,1.99,0.61,2.4,9.21,8.15,10.82,53.69,7.57,5.25,72.57,3.62,10.85,55.81,12.9,13.37,27.85,15.36,25.88,14.62,18.74,20.34,12.31,16.42,14.37,2.91,11.67,11.21,7.29,3.71,5.32,3.25,17.65,37.53,12.96,1.72,48.37,12.37,15.69
103,33.41,42.37,18.2,31.14,24.44,7.26,4.05,14.12,9.36,5.13,15.13,6.64,1.29,4.38,1.49,1.96,0.61,2.35,9.1,7.93,10.67,53.16,7.41,5.13,71.43,3.53,10.58,54.99,12.59,13.01,27.4,15.04,25.36,14.42,18.47,20.09,12.02,16.09,14.15,2.88,11.34,11.08,7.19,3.67,5.18,3.22,17.38,37.02,12.75,1.7,47.74,12.27,15.49
104,32.75,41.48,17.79,30.51,24.09,7.08,3.95,13.81,9.21,5.06,14.86,6.46,1.28,4.32,1.46,1.93,0.6,2.3,9.01,7.72,10.53,52.64,7.25,5.03,70.31,3.45,10.32,54.18,12.32,12.64,26.98,14.73,24.85,14.22,18.21,19.85,11.73,15.76,13.92,2.85,11.02,10.96,7.09,3.63,5.05,3.19,17.12,36.52,12.54,1.69,47.11,12.16,15.28
105,32.1,40.6,17.43,29.93,23.75,6.91,3.86,13.51,9.07,4.98,14.59,6.29,1.27,4.28,1.43,1.89,0.6,2.25,8.91,7.52,10.4,52.11,7.1,4.93,69.2,3.37,10.09,53.39,12.06,12.29,26.56,14.42,24.35,14.02,17.97,19.62,11.45,15.43,13.71,2.82,10.71,10.85,6.99,3.6,4.92,3.16,16.86,36.03,12.34,1.68,46.48,12.06,15.08
106,31.45,39.72,17.11,29.41,23.41,6.74,3.79,13.22,8.94,4.91,14.32,6.12,1.26,4.23,1.41,1.86,0.6,2.2,8.83,7.32,10.26,51.59,6.94,4.84,68.1,3.31,9.89,52.61,11.83,11.94,26.16,14.12,23.84,13.82,17.73,19.4,11.16,15.1,13.49,2.79,10.42,10.74,6.9,3.56,4.8,3.12,16.61,35.55,12.14,1.66,45.85,11.96,14.87
107,30.81,38.86,16.82,28.94,23.09,6.58,3.72,12.94,8.82,4.83,14.05,5.96,1.25,4.19,1.38,1.83,0.6,2.14,8.75,7.14,10.13,51.07,6.79,4.75,67.02,3.25,9.7,51.85,11.63,11.59,25.77,13.81,23.34,13.62,17.49,19.2,10.88,14.78,13.28,2.77,10.16,10.64,6.8,3.53,4.68,3.09,16.36,35.08,11.94,1.65,45.22,11.85,14.67
108,30.17,37.99,16.54,28.53,22.78,6.41,3.66,12.66,8.72,4.76,13.79,5.82,1.25,4.15,1.36,1.8,0.6,2.09,8.68,6.95,10.01,50.55,6.64,4.66,65.96,3.19,9.52,51.09,11.45,11.26,25.39,13.51,22.85,13.42,17.27,18.99,10.6,14.45,13.08,2.74,9.92,10.55,6.7,3.51,4.56,3.06,16.1,34.62,11.75,1.64,44.6,11.75,14.47
109,29.54,37.14,16.28,28.16,22.47,6.25,3.6,12.4,8.62,4.68,13.52,5.69,1.24,4.11,1.33,1.77,0.6,2.04,8.61,6.78,9.89,50.03,6.49,4.58,64.92,3.14,9.35,50.35,11.29,10.93,25.02,13.21,22.35,13.22,17.05,18.79,10.32,14.13,12.88,2.71,9.71,10.47,6.61,3.48,4.45,3.03,15.85,34.17,11.55,1.63,43.98,11.65,14.26
110,28.91,36.29,16.05,27.81,22.17,6.1,3.55,12.14,8.54,4.61,13.26,5.57,1.23,4.08,1.31,1.75,0.59,1.99,8.55,6.61,9.77,49.52,6.33,4.5,63.9,3.08,9.19,49.62,11.15,10.61,24.65,12.91,21.86,13.02,16.83,18.59,10.04,13.81,12.68,2.68,9.52,10.39,6.52,3.46,4.35,3,15.6,33.72,11.36,1.62,43.37,11.55,14.06
111,28.28,35.44,15.82,27.48,21.87,5.95,3.51,11.89,8.45,4.54,13,5.47,1.22,4.04,1.28,1.72,0.59,1.94,8.48,6.45,9.64,49,6.19,4.42,62.89,3.03,9.02,48.9,11.01,10.29,24.29,12.61,21.38,12.82,16.62,18.4,9.77,13.49,12.48,2.65,9.34,10.3,6.42,3.43,4.25,2.96,15.35,33.28,11.17,1.6,42.76,11.45,13.86
112,27.65,34.58,15.59,27.16,21.57,5.8,3.46,11.65,8.36,4.47,12.73,5.37,1.2,4,1.25,1.69,0.58,1.89,8.4,6.31,9.52,48.49,6.04,4.34,61.93,2.98,8.87,48.17,10.87,9.98,23.92,12.3,20.92,12.63,16.4,18.21,9.48,13.17,12.28,2.62,9.17,10.2,6.33,3.39,4.16,2.93,15.1,32.84,10.97,1.59,42.16,11.35,13.66
113,27.01,33.72,15.36,26.85,21.27,5.65,3.41,11.41,8.27,4.39,12.46,5.27,1.19,3.96,1.23,1.66,0.58,1.84,8.32,6.19,9.4,47.97,5.9,4.26,61,2.93,8.72,47.44,10.73,9.67,23.56,11.98,20.47,12.43,16.18,18.02,9.2,12.85,12.08,2.6,9.01,10.08,6.23,3.36,4.07,2.9,14.84,32.4,10.76,1.57,41.56,11.25,13.46
114,26.36,32.84,15.13,26.53,20.97,5.51,3.37,11.19,8.18,4.32,12.18,5.18,1.18,3.92,1.2,1.63,0.57,1.79,8.23,6.08,9.28,47.46,5.76,4.19,60.13,2.88,8.56,46.7,10.59,9.37,23.19,11.66,20.03,12.23,15.96,17.83,8.91,12.55,11.87,2.57,8.87,9.96,6.13,3.32,3.99,2.87,14.58,31.96,10.56,1.55,40.98,11.15,13.25
115,25.7,31.96,14.91,26.23,20.67,5.38,3.33,10.98,8.09,4.24,11.9,5.1,1.17,3.88,1.17,1.6,0.57,1.75,8.14,5.97,9.15,46.94,5.63,4.11,59.29,2.83,8.42,45.95,10.46,9.1,22.82,11.34,19.61,12.03,15.74,17.64,8.62,12.25,11.66,2.54,8.74,9.85,6.03,3.29,3.92,2.83,14.32,31.52,10.35,1.54,40.39,11.05,13.05
116,25.04,31.08,14.69,25.91,20.36,5.25,3.28,10.78,7.99,4.17,11.62,5.02,1.14,3.83,1.15,1.58,0.55,1.7,8.04,5.87,9.02,46.41,5.5,4.03,58.49,2.78,8.27,45.18,10.32,8.84,22.45,11.02,19.2,11.83,15.52,17.45,8.34,11.96,11.45,2.51,8.61,9.71,5.93,3.24,3.85,2.8,14.04,31.08,10.13,1.51,39.81,10.94,12.85
117,24.36,30.2,14.44,25.58,20.04,5.13,3.23,10.58,7.89,4.09,11.34,4.94,1.12,3.77,1.12,1.55,0.54,1.64,7.92,5.77,8.9,45.88,5.37,3.96,57.73,2.74,8.12,44.41,10.17,8.59,22.07,10.69,18.81,11.64,15.29,17.26,8.05,11.68,11.23,2.48,8.47,9.55,5.82,3.19,3.77,2.77,13.76,30.63,9.91,1.48,39.23,10.84,12.64
118,23.68,29.3,14.19,25.22,19.72,5.01,3.18,10.4,7.77,4.02,11.04,4.85,1.1,3.71,1.09,1.53,0.53,1.59,7.77,5.67,8.76,45.35,5.26,3.88,56.99,2.69,7.98,43.61,10.01,8.35,21.69,10.35,18.45,11.43,15.06,17.07,7.76,11.43,11.01,2.44,8.33,9.36,5.71,3.13,3.7,2.73,13.47,30.16,9.68,1.45,38.66,10.74,12.43
119,22.98,28.4,13.92,24.84,19.4,4.9,3.12,10.21,7.64,3.96,10.75,4.76,1.07,3.64,1.07,1.5,0.51,1.54,7.62,5.57,8.63,44.81,5.16,3.81,56.29,2.64,7.84,42.8,9.84,8.12,21.29,10.02,18.12,11.23,14.83,16.89,7.48,11.19,10.79,2.41,8.18,9.16,5.6,3.07,3.63,2.7,13.16,29.69,9.46,1.42,38.11,10.63,12.23
120,22.29,27.5,13.65,24.44,19.07,4.79,3.07,10.02,7.51,3.89,10.45,4.68,1.05,3.58,1.04,1.48,0.5,1.5,7.48,5.48,8.5,44.26,5.07,3.73,55.61,2.6,7.69,41.97,9.67,7.91,20.9,9.69,17.81,11.03,14.59,16.7,7.21,10.97,10.57,2.38,8.03,8.97,5.49,3.01,3.57,2.66,12.85,29.21,9.22,1.39,37.58,10.52,12.03
121,21.58,26.59,13.34,23.99,18.74,4.67,3,9.82,7.36,3.83,10.14,4.57,1,3.49,1.01,1.46,0.46,1.45,7.28,5.39,8.35,43.7,4.98,3.66,54.95,2.55,7.55,41.12,9.47,7.7,20.49,9.35,17.52,10.83,14.35,16.51,6.95,10.77,10.34,2.35,7.87,8.71,5.36,2.92,3.49,2.62,12.53,28.71,8.98,1.33,37.06,10.41,11.83
122,20.84,25.64,12.96,23.44,18.39,4.53,2.9,9.58,7.15,3.76,9.81,4.44,0.94,3.36,0.98,1.44,0.41,1.39,7,5.3,8.2,43.12,4.9,3.58,54.28,2.5,7.41,40.23,9.22,7.47,20.07,8.99,17.24,10.63,14.09,16.33,6.67,10.59,10.1,2.32,7.66,8.34,5.23,2.78,3.38,2.58,12.18,28.18,8.72,1.25,36.55,10.3,11.64
123,20.06,24.65,12.5,22.78,18.03,4.38,2.79,9.3,6.89,3.7,9.45,4.28,0.87,3.2,0.95,1.42,0.37,1.33,6.66,5.21,8.04,42.54,4.82,3.51,53.6,2.45,7.26,39.29,8.91,7.22,19.64,8.6,16.96,10.42,13.83,16.14,6.39,10.41,9.85,2.28,7.41,7.88,5.08,2.63,3.26,2.54,11.79,27.61,8.45,1.17,36.05,10.18,11.46
124,19.25,23.65,11.99,22.02,17.65,4.21,2.67,9,6.61,3.64,9.08,4.12,0.81,3.05,0.92,1.39,0.33,1.27,6.29,5.12,7.87,41.93,4.74,3.43,52.9,2.41,7.12,38.3,8.56,6.95,19.2,8.22,16.69,10.22,13.54,15.96,6.11,10.23,9.6,2.25,7.13,7.39,4.92,2.48,3.14,2.5,11.38,27.01,8.15,1.09,35.56,10.06,11.27
125,18.42,22.64,11.45,21.18,17.26,4.05,2.56,8.67,6.32,3.58,8.69,3.95,0.76,2.9,0.89,1.37,0.29,1.22,5.93,5.03,7.7,41.31,4.66,3.35,52.17,2.36,6.97,37.27,8.19,6.68,18.74,7.83,16.42,10.01,13.25,15.77,5.84,10.06,9.34,2.21,6.84,6.91,4.75,2.34,3.01,2.46,10.95,26.37,7.85,1.02,35.06,9.93,11.09
126,17.58,21.65,10.89,20.29,16.86,3.89,2.44,8.34,6.04,3.52,8.3,3.78,0.7,2.76,0.87,1.35,0.26,1.17,5.58,4.94,7.51,40.68,4.59,3.28,51.43,2.31,6.82,36.21,7.81,6.41,18.28,7.46,16.16,9.81,12.95,15.58,5.58,9.89,9.08,2.18,6.56,6.45,4.59,2.21,2.89,2.41,10.52,25.71,7.55,0.95,34.56,9.8,10.9
127,16.76,20.68,10.35,19.37,16.45,3.74,2.34,8.02,5.76,3.46,7.93,3.62,0.65,2.61,0.84,1.33,0.23,1.12,5.25,4.85,7.33,40.03,4.51,3.2,50.67,2.26,6.68,35.11,7.45,6.15,17.81,7.11,15.89,9.6,12.64,15.4,5.33,9.73,8.81,2.14,6.27,6.01,4.42,2.07,2.77,2.37,10.08,25.03,7.25,0.89,34.07,9.66,10.72
128,15.97,19.76,9.82,18.45,16.04,3.59,2.23,7.7,5.48,3.41,7.58,3.46,0.61,2.48,0.81,1.3,0.21,1.08,4.93,4.76,7.15,39.37,4.44,3.12,49.89,2.21,6.53,34,7.09,5.89,17.34,6.78,15.63,9.4,12.33,15.21,5.11,9.57,8.55,2.1,6,5.59,4.26,1.95,2.66,2.33,9.65,24.33,6.95,0.83,33.57,9.52,10.54
129,15.22,18.87,9.31,17.55,15.63,3.44,2.13,7.39,5.22,3.35,7.25,3.31,0.57,2.35,0.78,1.28,0.19,1.03,4.62,4.68,6.97,38.71,4.37,3.05,49.09,2.16,6.38,32.87,6.74,5.65,16.86,6.47,15.37,9.19,12.03,15.02,4.9,9.42,8.28,2.07,5.73,5.2,4.1,1.83,2.55,2.28,9.23,23.63,6.65,0.77,33.06,9.38,10.38
130,14.52,18.04,8.82,16.68,15.22,3.3,2.03,7.08,4.96,3.3,6.94,3.16,0.53,2.22,0.75,1.26,0.16,0.99,4.34,4.59,6.8,38.04,4.29,2.97,48.28,2.12,6.23,31.74,6.41,5.41,16.39,6.18,15.11,8.99,11.72,14.83,4.69,9.26,8.02,2.03,5.47,4.85,3.94,1.72,2.44,2.24,8.83,22.92,6.37,0.72,32.55,9.24,10.21
131,13.86,17.25,8.34,15.83,14.81,3.16,1.93,6.79,4.72,3.25,6.64,3.02,0.49,2.1,0.72,1.24,0.15,0.95,4.07,4.5,6.62,37.36,4.22,2.9,47.46,2.07,6.08,30.62,6.09,5.18,15.92,5.9,14.86,8.79,11.42,14.64,4.5,9.11,7.77,2,5.22,4.52,3.78,1.62,2.33,2.2,8.45,22.21,6.08,0.67,32.04,9.1,10.05
132,13.23,16.51,7.89,15.01,14.41,3.03,1.84,6.51,4.49,3.2,6.36,2.88,0.45,1.99,0.69,1.22,0.13,0.91,3.82,4.41,6.45,36.68,4.15,2.82,46.63,2.02,5.93,29.5,5.78,4.96,15.46,5.65,14.6,8.59,11.12,14.45,4.31,8.96,7.51,1.96,4.97,4.21,3.62,1.52,2.23,2.16,8.09,21.51,5.8,0.62,31.52,8.96,9.89
133,12.65,15.83,7.46,14.23,14.01,2.9,1.75,6.23,4.27,3.15,6.1,2.75,0.42,1.89,0.67,1.2,0.11,0.88,3.59,4.33,6.27,36.01,4.09,2.75,45.8,1.97,5.79,28.39,5.49,4.74,15,5.42,14.35,8.41,10.82,14.26,4.13,8.81,7.26,1.93,4.74,3.93,3.47,1.43,2.14,2.12,7.75,20.81,5.53,0.58,31.01,8.81,9.73
134,12.1,15.17,7.06,13.48,13.62,2.78,1.67,5.97,4.06,3.1,5.85,2.63,0.39,1.78,0.64,1.18,0.1,0.84,3.37,4.24,6.1,35.34,4.02,2.68,44.97,1.93,5.64,27.28,5.21,4.54,14.54,5.19,14.1,8.22,10.53,14.07,3.96,8.66,7.01,1.89,4.52,3.65,3.32,1.34,2.04,2.08,7.43,20.12,5.26,0.54,30.5,8.67,9.58
135,11.6,14.54,6.68,12.79,13.22,2.67,1.59,5.72,3.86,3.05,5.62,2.51,0.36,1.69,0.61,1.16,0.09,0.81,3.16,4.15,5.93,34.67,3.95,2.6,44.14,1.88,5.5,26.19,4.95,4.34,14.09,4.98,13.85,8.05,10.23,13.88,3.79,8.52,6.76,1.86,4.31,3.4,3.18,1.26,1.96,2.05,7.13,19.43,5,0.5,29.98,8.53,9.42
136,11.12,13.94,6.32,12.13,12.84,2.56,1.51,5.48,3.66,3,5.4,2.4,0.33,1.59,0.58,1.14,0.07,0.78,2.96,4.07,5.76,34.02,3.88,2.53,43.31,1.83,5.36,25.12,4.69,4.16,13.65,4.78,13.61,7.89,9.95,13.68,3.64,8.37,6.51,1.82,4.11,3.17,3.04,1.18,1.87,2.01,6.85,18.75,4.75,0.47,29.48,8.39,9.27
137,10.67,13.37,5.97,11.5,12.45,2.45,1.44,5.25,3.48,2.95,5.18,2.28,0.31,1.51,0.56,1.12,0.07,0.75,2.77,3.98,5.6,33.39,3.82,2.46,42.49,1.79,5.22,24.06,4.45,3.98,13.2,4.58,13.36,7.75,9.66,13.49,3.49,8.23,6.27,1.79,3.92,2.95,2.9,1.11,1.79,1.98,6.58,18.08,4.52,0.44,28.98,8.24,9.12
138,10.24,12.82,5.63,10.9,12.07,2.35,1.37,5.03,3.3,2.9,4.98,2.18,0.29,1.42,0.53,1.1,0.06,0.72,2.6,3.9,5.43,32.79,3.75,2.38,41.68,1.74,5.07,23.03,4.22,3.81,12.77,4.4,13.12,7.61,9.38,13.3,3.34,8.09,6.03,1.76,3.73,2.74,2.77,1.04,1.71,1.95,6.32,17.42,4.29,0.4,28.48,8.1,8.98
139,9.83,12.31,5.32,10.32,11.7,2.25,1.3,4.81,3.13,2.85,4.79,2.08,0.26,1.34,0.51,1.08,0.05,0.69,2.44,3.81,5.27,32.21,3.68,2.31,40.87,1.7,4.93,22.01,4,3.64,12.33,4.23,12.88,7.49,9.1,13.11,3.21,7.95,5.79,1.72,3.55,2.54,2.64,0.97,1.63,1.92,6.09,16.77,4.08,0.37,27.99,7.97,8.83
140,9.44,11.81,5.02,9.77,11.33,2.15,1.24,4.61,2.97,2.81,4.61,1.98,0.24,1.27,0.48,1.06,0.04,0.66,2.29,3.73,5.11,31.65,3.62,2.24,40.06,1.65,4.8,21.02,3.79,3.48,11.91,4.06,12.64,7.38,8.82,12.92,3.07,7.81,5.56,1.69,3.38,2.36,2.52,0.91,1.56,1.89,5.86,16.12,3.89,0.35,27.5,7.83,8.69
141,9.06,11.33,4.73,9.25,10.96,2.06,1.18,4.41,2.82,2.76,4.43,1.88,0.22,1.2,0.46,1.05,0.03,0.63,2.14,3.65,4.96,31.11,3.55,2.17,39.27,1.61,4.66,20.06,3.59,3.32,11.48,3.89,12.4,7.27,8.55,12.73,2.94,7.68,5.33,1.66,3.21,2.18,2.41,0.85,1.49,1.86,5.64,15.49,3.71,0.32,27.01,7.69,8.54
142,8.7,10.87,4.46,8.75,10.6,1.97,1.12,4.22,2.67,2.71,4.25,1.79,0.2,1.13,0.43,1.03,0.03,0.61,2,3.56,4.8,30.6,3.49,2.1,38.48,1.57,4.52,19.12,3.4,3.18,11.07,3.74,12.17,7.16,8.28,12.54,2.82,7.54,5.1,1.64,3.06,2.02,2.3,0.8,1.42,1.84,5.43,14.87,3.54,0.29,26.54,7.56,8.4
143,8.35,10.43,4.21,8.28,10.24,1.88,1.06,4.03,2.53,2.67,4.09,1.7,0.19,1.06,0.41,1.01,0.02,0.58,1.87,3.48,4.65,30.11,3.43,2.03,37.7,1.52,4.39,18.21,3.22,3.03,10.65,3.59,11.93,7.06,8.02,12.35,2.7,7.4,4.88,1.61,2.9,1.86,2.2,0.75,1.35,1.81,5.23,14.26,3.38,0.27,26.07,7.43,8.26
144,8.02,10,3.97,7.83,9.89,1.8,1.01,3.85,2.4,2.62,3.93,1.62,0.17,1,0.38,0.99,0.02,0.56,1.75,3.4,4.5,29.64,3.36,1.96,36.93,1.48,4.25,17.32,3.04,2.89,10.25,3.44,11.7,6.96,7.76,12.16,2.59,7.27,4.65,1.58,2.76,1.72,2.11,0.7,1.29,1.78,5.03,13.67,3.24,0.25,25.6,7.3,8.13
145,7.7,9.59,3.73,7.41,9.55,1.72,0.95,3.68,2.27,2.58,3.77,1.54,0.16,0.94,0.36,0.97,0.01,0.53,1.63,3.32,4.35,29.2,3.3,1.9,36.17,1.44,4.12,16.47,2.88,2.76,9.85,3.3,11.47,6.86,7.5,11.97,2.48,7.13,4.44,1.56,2.62,1.59,2.02,0.65,1.23,1.76,4.84,13.09,3.11,0.23,25.14,7.17,7.99
146,7.39,9.19,3.51,7,9.21,1.64,0.9,3.52,2.15,2.54,3.62,1.46,0.14,0.89,0.34,0.95,0.01,0.51,1.52,3.24,4.2,28.77,3.24,1.83,35.41,1.39,3.99,15.66,2.72,2.63,9.45,3.16,11.25,6.76,7.25,11.78,2.37,7,4.22,1.53,2.49,1.46,1.93,0.61,1.17,1.73,4.66,12.53,2.98,0.21,24.68,7.05,7.86
147,7.09,8.81,3.31,6.61,8.87,1.57,0.86,3.36,2.03,2.49,3.48,1.39,0.13,0.84,0.31,0.94,0.01,0.49,1.42,3.16,4.06,28.34,3.17,1.76,34.67,1.35,3.86,14.9,2.57,2.51,9.05,3.03,11.02,6.67,7,11.6,2.26,6.86,4.01,1.51,2.36,1.35,1.85,0.57,1.12,1.71,4.48,11.97,2.87,0.2,24.23,6.93,7.73
148,6.8,8.45,3.11,6.23,8.53,1.49,0.81,3.21,1.92,2.45,3.34,1.32,0.12,0.79,0.29,0.92,0.01,0.47,1.32,3.08,3.91,27.93,3.11,1.69,33.94,1.31,3.73,14.19,2.42,2.39,8.67,2.91,10.8,6.58,6.75,11.41,2.17,6.73,3.8,1.49,2.24,1.24,1.78,0.53,1.06,1.69,4.31,11.44,2.75,0.18,23.78,6.83,7.59
149,6.52,8.09,2.93,5.88,8.2,1.43,0.77,3.06,1.81,2.41,3.21,1.25,0.11,0.74,0.28,0.9,0,0.45,1.23,3,3.77,27.52,3.05,1.63,33.21,1.27,3.6,13.53,2.28,2.28,8.28,2.79,10.57,6.49,6.51,11.22,2.07,6.6,3.6,1.47,2.12,1.14,1.71,0.49,1.01,1.66,4.15,10.91,2.65,0.17,23.34,6.72,7.46
150,6.26,7.75,2.75,5.54,7.87,1.36,0.72,2.92,1.71,2.37,3.08,1.19,0.1,0.7,0.26,0.89,0,0.43,1.14,2.92,3.63,27.13,2.99,1.56,32.5,1.23,3.47,12.91,2.15,2.16,7.9,2.67,10.36,6.4,6.26,11.03,1.98,6.47,3.4,1.45,2.01,1.05,1.65,0.46,0.96,1.64,3.99,10.4,2.54,0.15,22.91,6.62,7.34
151,6,7.42,2.59,5.22,7.55,1.29,0.68,2.78,1.61,2.32,2.95,1.12,0.09,0.65,0.24,0.87,0,0.41,1.06,2.85,3.49,26.74,2.93,1.49,31.8,1.19,3.34,12.34,2.03,2.06,7.53,2.56,10.14,6.31,6.02,10.85,1.88,6.34,3.21,1.43,1.9,0.97,1.59,0.43,0.91,1.62,3.83,9.91,2.45,0.14,22.48,6.52,7.21
152,5.75,7.1,2.44,4.92,7.23,1.23,0.65,2.65,1.52,2.28,2.83,1.06,0.08,0.62,0.23,0.85,0,0.39,0.99,2.77,3.35,26.36,2.87,1.43,31.11,1.14,3.22,11.8,1.91,1.95,7.16,2.45,9.92,6.23,5.78,10.66,1.8,6.21,3.03,1.41,1.8,0.88,1.53,0.4,0.87,1.59,3.69,9.44,2.35,0.13,22.05,6.43,7.09
153,5.51,6.79,2.29,4.64,6.91,1.17,0.61,2.52,1.44,2.24,2.71,1.01,0.07,0.58,0.21,0.83,0,0.37,0.92,2.69,3.21,25.98,2.81,1.36,30.42,1.1,3.09,11.31,1.8,1.86,6.79,2.34,9.71,6.14,5.55,10.48,1.71,6.08,2.86,1.4,1.7,0.8,1.47,0.37,0.82,1.57,3.54,9,2.26,0.11,21.64,6.34,6.96
154,5.27,6.49,2.16,4.37,6.6,1.11,0.58,2.39,1.36,2.2,2.6,0.95,0.06,0.54,0.2,0.82,0,0.35,0.86,2.61,3.08,25.61,2.75,1.3,29.75,1.06,2.97,10.86,1.7,1.76,6.43,2.24,9.49,6.06,5.32,10.29,1.63,5.96,2.71,1.38,1.6,0.73,1.42,0.35,0.78,1.55,3.4,8.6,2.18,0.1,21.23,6.25,6.84
155,5.04,6.2,2.03,4.12,6.3,1.06,0.54,2.28,1.28,2.16,2.49,0.9,0.06,0.51,0.19,0.8,0,0.34,0.79,2.54,2.95,25.24,2.69,1.23,29.08,1.02,2.84,10.44,1.61,1.67,6.08,2.14,9.28,5.97,5.09,10.11,1.55,5.83,2.56,1.36,1.52,0.66,1.37,0.32,0.74,1.53,3.27,8.22,2.09,0.09,20.82,6.17,6.72
156,4.82,5.92,1.91,3.88,5.99,1,0.52,2.16,1.21,2.12,2.38,0.85,0.05,0.48,0.18,0.79,0,0.32,0.73,2.46,2.82,24.88,2.63,1.17,28.42,0.98,2.72,10.04,1.51,1.58,5.74,2.04,9.07,5.89,4.86,9.93,1.48,5.7,2.42,1.34,1.43,0.59,1.32,0.3,0.7,1.51,3.14,7.86,2.01,0.08,20.42,6.09,6.6
157,4.61,5.64,1.8,3.66,5.7,0.95,0.49,2.05,1.14,2.08,2.28,0.81,0.04,0.45,0.18,0.77,0,0.31,0.68,2.39,2.69,24.53,2.57,1.1,27.77,0.94,2.59,9.66,1.43,1.5,5.41,1.95,8.87,5.81,4.64,9.74,1.4,5.58,2.3,1.33,1.35,0.53,1.27,0.27,0.66,1.49,3.01,7.53,1.93,0.07,20.03,6.01,6.48
158,4.4,5.38,1.69,3.45,5.41,0.9,0.46,1.95,1.08,2.04,2.17,0.76,0.04,0.43,0.17,0.75,0,0.29,0.62,2.31,2.56,24.18,2.51,1.04,27.12,0.9,2.47,9.29,1.35,1.42,5.11,1.86,8.66,5.73,4.42,9.56,1.33,5.45,2.18,1.31,1.28,0.47,1.22,0.25,0.63,1.47,2.88,7.22,1.85,0.06,19.63,5.93,6.36
159,4.2,5.13,1.6,3.26,5.12,0.86,0.44,1.85,1.02,2,2.08,0.72,0.03,0.4,0.16,0.74,0,0.28,0.57,2.24,2.44,23.83,2.46,0.97,26.49,0.87,2.35,8.94,1.27,1.35,4.82,1.77,8.46,5.65,4.21,9.39,1.27,5.33,2.08,1.29,1.21,0.41,1.18,0.23,0.6,1.44,2.76,6.93,1.78,0.05,19.24,5.86,6.25
160,4.01,4.88,1.5,3.07,4.85,0.81,0.41,1.76,0.96,1.97,1.98,0.68,0.02,0.37,0.15,0.72,0,0.26,0.52,2.17,2.32,23.5,2.4,0.91,25.86,0.83,2.23,8.6,1.2,1.27,4.56,1.68,8.25,5.57,4,9.22,1.2,5.21,1.99,1.28,1.15,0.36,1.13,0.21,0.56,1.42,2.65,6.66,1.71,0.05,18.86,5.78,6.13
161,3.82,4.65,1.41,2.9,4.6,0.77,0.39,1.67,0.91,1.93,1.89,0.65,0.02,0.35,0.15,0.71,0,0.25,0.47,2.09,2.2,23.16,2.34,0.85,25.23,0.79,2.11,8.27,1.14,1.21,4.31,1.6,8.05,5.48,3.79,9.05,1.14,5.08,1.91,1.26,1.09,0.31,1.09,0.19,0.54,1.4,2.53,6.42,1.64,0.04,18.48,5.71,6.02
162,3.64,4.42,1.33,2.74,4.36,0.73,0.37,1.58,0.86,1.89,1.8,0.61,0.02,0.33,0.14,0.69,0,0.24,0.43,2.02,2.1,22.83,2.28,0.78,24.62,0.75,1.99,7.95,1.07,1.14,4.07,1.53,7.85,5.4,3.6,8.89,1.08,4.96,1.83,1.24,1.03,0.26,1.05,0.17,0.51,1.38,2.42,6.18,1.57,0.03,18.1,5.63,5.9
163,3.47,4.2,1.24,2.58,4.14,0.7,0.35,1.5,0.81,1.85,1.72,0.58,0.01,0.3,0.13,0.68,0,0.23,0.38,1.95,1.99,22.5,2.23,0.72,24.01,0.71,1.87,7.65,1.01,1.08,3.86,1.45,7.66,5.33,3.42,8.74,1.03,4.84,1.76,1.23,0.98,0.22,1.01,0.15,0.48,1.36,2.32,5.95,1.51,0.03,17.73,5.56,5.79
164,3.3,4,1.16,2.43,3.94,0.66,0.33,1.43,0.76,1.82,1.64,0.55,0.01,0.28,0.13,0.66,0,0.21,0.34,1.87,1.9,22.17,2.17,0.66,23.41,0.67,1.75,7.35,0.95,1.03,3.67,1.38,7.46,5.25,3.25,8.59,0.98,4.72,1.68,1.21,0.92,0.19,0.97,0.14,0.46,1.34,2.22,5.73,1.45,0.02,17.37,5.49,5.68
165,3.14,3.8,1.08,2.28,3.74,0.63,0.31,1.36,0.72,1.78,1.56,0.52,0.01,0.26,0.12,0.65,0,0.2,0.3,1.8,1.81,21.85,2.12,0.61,22.81,0.63,1.63,7.07,0.9,0.97,3.51,1.31,7.26,5.17,3.09,8.46,0.93,4.6,1.62,1.19,0.88,0.15,0.93,0.12,0.43,1.32,2.12,5.51,1.38,0.02,17,5.42,5.57
166,2.99,3.61,1.01,2.14,3.56,0.6,0.3,1.29,0.67,1.75,1.49,0.5,0,0.24,0.12,0.63,0,0.19,0.27,1.73,1.73,21.53,2.06,0.56,22.22,0.59,1.51,6.79,0.84,0.92,3.36,1.25,7.07,5.09,2.94,8.34,0.88,4.48,1.55,1.18,0.83,0.12,0.89,0.11,0.41,1.3,2.02,5.31,1.33,0.01,16.64,5.35,5.47
167,2.85,3.43,0.93,2,3.4,0.57,0.28,1.23,0.63,1.71,1.42,0.47,0,0.22,0.11,0.62,0,0.18,0.23,1.65,1.65,21.21,2.01,0.51,21.64,0.55,1.4,6.53,0.79,0.88,3.22,1.19,6.88,5.01,2.8,8.23,0.83,4.37,1.49,1.16,0.79,0.1,0.85,0.09,0.39,1.29,1.93,5.11,1.27,0.01,16.29,5.28,5.36
168,2.71,3.26,0.86,1.86,3.25,0.54,0.26,1.17,0.59,1.67,1.35,0.45,0,0.2,0.11,0.6,0,0.18,0.2,1.58,1.57,20.89,1.95,0.46,21.06,0.52,1.29,6.27,0.73,0.83,3.08,1.13,6.69,4.93,2.67,8.13,0.79,4.25,1.43,1.15,0.74,0.07,0.82,0.08,0.37,1.27,1.85,4.92,1.21,0.01,15.94,5.21,5.25
169,2.57,3.1,0.8,1.74,3.12,0.51,0.24,1.11,0.55,1.64,1.29,0.42,0,0.18,0.1,0.59,0,0.17,0.17,1.51,1.51,20.58,1.9,0.42,20.49,0.48,1.19,6.02,0.68,0.79,2.96,1.07,6.5,4.86,2.56,8.03,0.75,4.13,1.37,1.13,0.7,0.05,0.79,0.07,0.35,1.25,1.76,4.74,1.16,0.01,15.59,5.15,5.15
170,2.45,2.94,0.73,1.61,3,0.49,0.23,1.06,0.51,1.6,1.23,0.4,0,0.17,0.1,0.58,0,0.16,0.15,1.44,1.45,20.27,1.84,0.39,19.92,0.44,1.1,5.78,0.63,0.75,2.84,1.02,6.31,4.78,2.45,7.94,0.71,4.01,1.32,1.12,0.66,0.04,0.75,0.06,0.34,1.23,1.68,4.56,1.11,0,15.25,5.08,5.04
171,2.33,2.8,0.67,1.49,2.88,0.47,0.21,1.01,0.47,1.57,1.17,0.37,0,0.15,0.09,0.56,0,0.15,0.12,1.36,1.39,19.97,1.79,0.36,19.35,0.41,1.01,5.55,0.59,0.72,2.72,0.97,6.12,4.7,2.35,7.84,0.68,3.9,1.27,1.1,0.62,0.03,0.72,0.05,0.32,1.21,1.61,4.39,1.06,0,14.91,5.01,4.94
172,2.22,2.66,0.61,1.38,2.77,0.44,0.2,0.95,0.44,1.54,1.11,0.35,0,0.14,0.09,0.55,0,0.14,0.1,1.29,1.34,19.67,1.73,0.34,18.79,0.38,0.93,5.32,0.54,0.68,2.62,0.92,5.93,4.63,2.26,7.75,0.64,3.78,1.22,1.09,0.58,0.01,0.69,0.04,0.3,1.19,1.54,4.22,1.01,0,14.57,4.95,4.84
173,2.11,2.53,0.55,1.27,2.66,0.42,0.18,0.91,0.4,1.5,1.06,0.33,0,0.12,0.09,0.53,0,0.14,0.08,1.22,1.29,19.37,1.68,0.32,18.23,0.35,0.86,5.11,0.5,0.64,2.51,0.88,5.74,4.55,2.18,7.67,0.61,3.66,1.17,1.07,0.54,0.01,0.66,0.03,0.28,1.17,1.47,4.06,0.97,0,14.24,4.88,4.74
174,2.01,2.41,0.5,1.16,2.56,0.4,0.17,0.86,0.37,1.47,1.01,0.31,0,0.11,0.08,0.52,0,0.13,0.06,1.15,1.24,19.07,1.62,0.3,17.68,0.32,0.8,4.9,0.46,0.61,2.41,0.83,5.55,4.48,2.09,7.58,0.58,3.55,1.12,1.06,0.51,0,0.64,0.03,0.27,1.16,1.4,3.9,0.93,0,13.91,4.82,4.64
175,1.91,2.29,0.45,1.06,2.46,0.38,0.16,0.81,0.34,1.44,0.96,0.29,0,0.1,0.08,0.51,0,0.12,0.05,1.08,1.2,18.78,1.57,0.28,17.12,0.3,0.75,4.69,0.42,0.58,2.31,0.79,5.36,4.4,2.01,7.5,0.55,3.43,1.07,1.04,0.47,0,0.61,0.02,0.25,1.14,1.34,3.75,0.88,0,13.58,4.76,4.54
176,1.82,2.18,0.4,0.97,2.37,0.36,0.15,0.77,0.31,1.4,0.92,0.27,0,0.08,0.08,0.49,0,0.12,0.04,1,1.15,18.49,1.52,0.27,16.57,0.27,0.71,4.5,0.38,0.54,2.22,0.76,5.18,4.33,1.94,7.42,0.53,3.32,1.03,1.03,0.44,0,0.58,0.02,0.24,1.12,1.28,3.6,0.84,0,13.26,4.69,4.44
177,1.73,2.08,0.36,0.87,2.28,0.34,0.13,0.72,0.28,1.37,0.88,0.25,0,0.07,0.07,0.48,0,0.11,0.03,0.93,1.11,18.2,1.46,0.26,16.02,0.26,0.67,4.31,0.35,0.51,2.13,0.72,4.99,4.26,1.86,7.33,0.5,3.2,0.99,1.01,0.41,0,0.56,0.01,0.22,1.1,1.22,3.46,0.81,0,12.93,4.63,4.35
178,1.65,1.98,0.32,0.79,2.19,0.32,0.12,0.68,0.25,1.34,0.84,0.23,0,0.06,0.07,0.46,0,0.11,0.02,0.86,1.07,17.91,1.41,0.24,15.47,0.24,0.64,4.13,0.31,0.48,2.05,0.68,4.8,4.18,1.79,7.25,0.47,3.09,0.95,1,0.38,0,0.53,0.01,0.21,1.09,1.17,3.33,0.77,0,12.61,4.57,4.25
179,1.57,1.88,0.28,0.71,2.11,0.3,0.11,0.64,0.23,1.3,0.8,0.21,0,0.05,0.06,0.45,0,0.1,0.01,0.79,1.03,17.63,1.35,0.23,14.93,0.23,0.6,3.95,0.28,0.45,1.97,0.65,4.62,4.11,1.73,7.18,0.45,2.97,0.91,0.99,0.35,0,0.51,0,0.19,1.07,1.11,3.19,0.73,0,12.29,4.51,4.15
180,1.49,1.79,0.24,0.63,2.02,0.28,0.1,0.6,0.2,1.27,0.76,0.2,0,0.04,0.06,0.44,0,0.1,0.01,0.73,0.99,17.35,1.3,0.22,14.38,0.22,0.57,3.78,0.25,0.42,1.89,0.62,4.43,4.04,1.66,7.1,0.42,2.85,0.87,0.97,0.32,0,0.49,0,0.18,1.05,1.06,3.07,0.7,0,11.97,4.45,4.05
181,1.42,1.7,0.21,0.56,1.95,0.26,0.09,0.56,0.18,1.24,0.72,0.18,0,0.04,0.06,0.42,0,0.09,0,0.66,0.95,17.08,1.25,0.21,13.84,0.21,0.55,3.62,0.22,0.4,1.81,0.59,4.24,3.97,1.6,7.02,0.4,2.74,0.83,0.96,0.29,0,0.47,0,0.17,1.04,1.01,2.94,0.67,0,11.65,4.39,3.96
182,1.35,1.61,0.18,0.49,1.87,0.24,0.08,0.52,0.16,1.21,0.69,0.16,0,0.03,0.06,0.41,0,0.09,0,0.6,0.92,16.8,1.19,0.2,13.3,0.2,0.52,3.47,0.19,0.37,1.74,0.56,4.06,3.89,1.54,6.94,0.38,2.62,0.79,0.95,0.26,0,0.45,0,0.15,1.02,0.97,2.83,0.64,0,11.34,4.33,3.86
183,1.28,1.53,0.15,0.42,1.8,0.23,0.07,0.49,0.14,1.17,0.65,0.15,0,0.02,0.05,0.4,0,0.08,0,0.55,0.88,16.53,1.14,0.19,12.77,0.19,0.5,3.32,0.17,0.34,1.67,0.53,3.87,3.82,1.48,6.87,0.36,2.51,0.76,0.93,0.24,0,0.43,0,0.14,1,0.92,2.71,0.61,0,11.02,4.27,3.77
184,1.22,1.45,0.12,0.37,1.73,0.21,0.06,0.45,0.12,1.14,0.62,0.14,0,0.02,0.05,0.38,0,0.08,0,0.49,0.85,16.26,1.08,0.18,12.25,0.18,0.47,3.17,0.15,0.32,1.6,0.5,3.69,3.75,1.43,6.79,0.33,2.39,0.73,0.92,0.22,0,0.41,0,0.13,0.99,0.88,2.6,0.58,0,10.71,4.21,3.67
185,1.16,1.37,0.1,0.31,1.66,0.2,0.06,0.42,0.1,1.11,0.59,0.12,0,0.01,0.05,0.37,0,0.07,0,0.45,0.82,15.99,1.03,0.17,11.73,0.17,0.45,3.03,0.12,0.3,1.54,0.47,3.5,3.68,1.37,6.72,0.31,2.28,0.69,0.9,0.19,0,0.39,0,0.12,0.97,0.84,2.49,0.55,0,10.39,4.15,3.58
186,1.1,1.29,0.08,0.26,1.6,0.18,0.05,0.39,0.09,1.08,0.56,0.11,0,0.01,0.04,0.36,0,0.07,0,0.4,0.79,15.73,0.98,0.16,11.22,0.16,0.43,2.9,0.11,0.27,1.47,0.45,3.32,3.61,1.32,6.65,0.29,2.17,0.66,0.89,0.17,0,0.38,0,0.11,0.95,0.8,2.39,0.53,0,10.08,4.1,3.48
187,1.04,1.22,0.06,0.22,1.53,0.17,0.04,0.36,0.07,1.04,0.53,0.1,0,0.01,0.04,0.34,0,0.06,0,0.37,0.76,15.47,0.92,0.16,10.71,0.15,0.41,2.78,0.09,0.25,1.41,0.42,3.14,3.54,1.27,6.57,0.27,2.05,0.63,0.88,0.15,0,0.36,0,0.1,0.94,0.76,2.29,0.5,0,9.77,4.04,3.39
188,0.98,1.14,0.05,0.18,1.47,0.15,0.04,0.33,0.06,1.01,0.5,0.09,0,0,0.04,0.33,0,0.06,0,0.35,0.73,15.21,0.87,0.15,10.22,0.15,0.39,2.65,0.07,0.23,1.35,0.4,2.96,3.47,1.22,6.5,0.25,1.94,0.6,0.87,0.13,0,0.34,0,0.09,0.92,0.72,2.2,0.48,0,9.46,3.98,3.3
189,0.92,1.07,0.03,0.14,1.41,0.14,0.03,0.3,0.05,0.98,0.47,0.08,0,0,0.04,0.32,0,0.05,0,0.33,0.7,14.95,0.82,0.14,9.74,0.14,0.38,2.53,0.06,0.21,1.29,0.37,2.78,3.4,1.17,6.43,0.24,1.82,0.58,0.85,0.12,0,0.33,0,0.08,0.91,0.68,2.11,0.45,0,9.15,3.93,3.2
190,0.87,1.01,0.02,0.11,1.36,0.13,0.03,0.27,0.04,0.95,0.44,0.07,0,0,0.04,0.3,0,0.05,0,0.31,0.67,14.69,0.76,0.14,9.27,0.13,0.36,2.42,0.05,0.19,1.24,0.35,2.6,3.33,1.13,6.35,0.22,1.71,0.55,0.84,0.1,0,0.31,0,0.07,0.89,0.65,2.02,0.43,0,8.85,3.87,3.11
191,0.82,0.94,0.01,0.08,1.3,0.12,0.02,0.25,0.03,0.92,0.41,0.06,0,0,0.03,0.29,0,0.05,0,0.29,0.65,14.44,0.71,0.13,8.82,0.13,0.34,2.31,0.03,0.17,1.18,0.33,2.43,3.26,1.08,6.28,0.2,1.6,0.52,0.83,0.09,0,0.3,0,0.06,0.87,0.61,1.94,0.41,0,8.54,3.82,3.02
192,0.77,0.88,0.01,0.06,1.25,0.11,0.02,0.22,0.02,0.88,0.39,0.05,0,0,0.03,0.28,0,0.04,0,0.27,0.62,14.18,0.66,0.12,8.39,0.12,0.33,2.2,0.03,0.16,1.13,0.3,2.26,3.19,1.04,6.21,0.19,1.49,0.5,0.81,0.07,0,0.28,0,0.06,0.86,0.58,1.86,0.39,0,8.24,3.77,2.92
193,0.72,0.82,0,0.04,1.2,0.09,0.01,0.2,0.01,0.85,0.36,0.04,0,0,0.03,0.26,0,0.04,0,0.26,0.6,13.93,0.61,0.12,7.98,0.12,0.31,2.1,0.02,0.14,1.08,0.28,2.1,3.12,1,6.14,0.17,1.37,0.47,0.8,0.06,0,0.27,0,0.05,0.84,0.54,1.78,0.37,0,7.93,3.71,2.83
194,0.67,0.76,0,0.03,1.15,0.08,0.01,0.18,0.01,0.82,0.34,0.03,0,0,0.03,0.25,0,0.04,0,0.25,0.57,13.68,0.56,0.11,7.61,0.11,0.3,2,0.01,0.12,1.03,0.26,1.95,3.06,0.96,6.07,0.16,1.27,0.45,0.79,0.05,0,0.26,0,0.04,0.83,0.51,1.7,0.35,0,7.63,3.66,2.74
195,0.63,0.7,0,0.02,1.1,0.08,0.01,0.16,0.01,0.79,0.32,0.03,0,0,0.03,0.24,0,0.03,0,0.23,0.55,13.43,0.51,0.11,7.26,0.11,0.28,1.9,0.01,0.11,0.99,0.24,1.81,2.99,0.92,6,0.14,1.16,0.43,0.78,0.04,0,0.24,0,0.04,0.81,0.48,1.62,0.33,0,7.33,3.61,2.65
196,0.58,0.65,0,0.01,1.05,0.07,0,0.14,0,0.76,0.29,0.02,0,0,0.03,0.23,0,0.03,0,0.22,0.53,13.18,0.47,0.1,6.94,0.1,0.27,1.81,0,0.1,0.94,0.22,1.68,2.92,0.88,5.93,0.13,1.06,0.41,0.76,0.03,0,0.23,0,0.03,0.8,0.45,1.55,0.32,0,7.04,3.55,2.56
197,0.54,0.6,0,0,1,0.06,0,0.12,0,0.73,0.27,0.02,0,0,0.02,0.21,0,0.03,0,0.21,0.51,12.94,0.43,0.09,6.65,0.1,0.25,1.72,0,0.08,0.9,0.21,1.56,2.85,0.85,5.86,0.12,0.97,0.39,0.75,0.02,0,0.22,0,0.03,0.78,0.42,1.48,0.3,0,6.75,3.5,2.47
198,0.5,0.55,0,0,0.96,0.05,0,0.1,0,0.7,0.25,0.01,0,0,0.02,0.2,0,0.02,0,0.2,0.49,12.69,0.39,0.09,6.37,0.09,0.24,1.64,0,0.07,0.85,0.19,1.45,2.78,0.81,5.79,0.1,0.88,0.37,0.74,0.02,0,0.21,0,0.02,0.77,0.39,1.41,0.28,0,6.46,3.45,2.38
199,0.46,0.5,0,0,0.92,0.04,0,0.09,0,0.67,0.23,0.01,0,0,0.02,0.19,0,0.02,0,0.19,0.47,12.44,0.35,0.08,6.12,0.09,0.23,1.56,0,0.06,0.81,0.17,1.36,2.71,0.78,5.72,0.09,0.8,0.35,0.73,0.01,0,0.2,0,0.02,0.75,0.37,1.35,0.27,0,6.18,3.4,2.29
200,0.42,0.45,0,0,0.88,0.04,0,0.07,0,0.64,0.21,0.01,0,0,0.02,0.18,0,0.02,0,0.18,0.45,12.2,0.32,0.08,5.9,0.08,0.22,1.48,0,0.05,0.77,0.16,1.28,2.64,0.74,5.65,0.08,0.73,0.33,0.72,0.01,0,0.19,0,0.01,0.74,0.34,1.28,0.25,0,5.91,3.35,2.2
201,0.39,0.41,0,0,0.83,0.03,0,0.06,0,0.61,0.19,0,0,0,0.02,0.17,0,0.02,0,0.17,0.43,11.96,0.3,0.07,5.69,0.08,0.21,1.41,0,0.04,0.73,0.14,1.22,2.57,0.71,5.59,0.07,0.67,0.31,0.7,0,0,0.18,0,0.01,0.72,0.32,1.22,0.24,0,5.64,3.3,2.11
202,0.35,0.37,0,0,0.8,0.03,0,0.05,0,0.58,0.18,0,0,0,0.02,0.16,0,0.01,0,0.17,0.41,11.71,0.28,0.07,5.49,0.08,0.19,1.34,0,0.03,0.7,0.13,1.16,2.5,0.68,5.52,0.06,0.62,0.3,0.69,0,0,0.17,0,0.01,0.71,0.29,1.16,0.22,0,5.38,3.25,2.02
203,0.32,0.33,0,0,0.76,0.02,0,0.04,0,0.55,0.16,0,0,0,0.02,0.15,0,0.01,0,0.16,0.39,11.47,0.27,0.07,5.29,0.07,0.18,1.27,0,0.03,0.66,0.11,1.1,2.44,0.65,5.45,0.05,0.58,0.28,0.68,0,0,0.16,0,0.01,0.69,0.27,1.11,0.21,0,5.12,3.2,1.93
204,0.29,0.3,0,0,0.72,0.02,0,0.03,0,0.52,0.14,0,0,0,0.02,0.15,0,0.01,0,0.15,0.37,11.23,0.25,0.06,5.11,0.07,0.17,1.2,0,0.02,0.63,0.1,1.05,2.37,0.62,5.38,0.05,0.55,0.27,0.67,0,0,0.15,0,0,0.68,0.25,1.06,0.19,0,4.88,3.15,1.85
205,0.26,0.26,0,0,0.69,0.01,0,0.02,0,0.49,0.13,0,0,0,0.02,0.14,0,0.01,0,0.14,0.35,10.99,0.24,0.06,4.94,0.06,0.16,1.14,0,0.02,0.6,0.09,1,2.3,0.59,5.32,0.04,0.52,0.25,0.65,0,0,0.14,0,0,0.66,0.22,1.01,0.18,0,4.65,3.1,1.76
206,0.23,0.23,0,0,0.65,0.01,0,0.02,0,0.46,0.11,0,0,0,0.01,0.13,0,0.01,0,0.14,0.34,10.75,0.22,0.05,4.77,0.06,0.15,1.08,0,0.01,0.56,0.08,0.96,2.23,0.56,5.25,0.03,0.49,0.24,0.64,0,0,0.13,0,0,0.65,0.2,0.96,0.17,0,4.44,3.05,1.68
207,0.21,0.2,0,0,0.62,0.01,0,0.01,0,0.44,0.1,0,0,0,0.01,0.13,0,0.01,0,0.13,0.32,10.51,0.21,0.05,4.61,0.06,0.14,1.02,0,0.01,0.54,0.07,0.92,2.16,0.53,5.18,0.03,0.46,0.23,0.63,0,0,0.12,0,0,0.63,0.19,0.91,0.16,0,4.24,3,1.6
208,0.18,0.17,0,0,0.59,0,0,0.01,0,0.41,0.09,0,0,0,0.01,0.12,0,0,0,0.12,0.31,10.27,0.2,0.05,4.46,0.05,0.13,0.96,0,0.01,0.51,0.06,0.88,2.09,0.51,5.12,0.02,0.44,0.22,0.62,0,0,0.12,0,0,0.62,0.17,0.86,0.14,0,4.06,2.95,1.52
209,0.16,0.15,0,0,0.56,0,0,0,0,0.39,0.08,0,0,0,0.01,0.12,0,0,0,0.12,0.29,10.04,0.19,0.04,4.31,0.05,0.13,0.91,0,0,0.48,0.05,0.84,2.03,0.48,5.05,0.02,0.42,0.2,0.61,0,0,0.11,0,0,0.6,0.15,0.82,0.13,0,3.89,2.9,1.44
210,0.14,0.12,0,0,0.53,0,0,0,0,0.37,0.07,0,0,0,0.01,0.11,0,0,0,0.11,0.28,9.8,0.18,0.04,4.16,0.05,0.12,0.85,0,0,0.46,0.04,0.81,1.96,0.46,4.99,0.01,0.4,0.19,0.6,0,0,0.1,0,0,0.59,0.13,0.78,0.12,0,3.73,2.86,1.37
211,0.12,0.1,0,0,0.5,0,0,0,0,0.36,0.06,0,0,0,0.01,0.11,0,0,0,0.1,0.26,9.57,0.17,0.04,4.03,0.05,0.11,0.8,0,0,0.43,0.04,0.78,1.89,0.44,4.92,0.01,0.38,0.18,0.58,0,0,0.09,0,0,0.57,0.12,0.74,0.11,0,3.59,2.81,1.3
212,0.1,0.08,0,0,0.48,0,0,0,0,0.34,0.05,0,0,0,0.01,0.11,0,0,0,0.1,0.25,9.33,0.17,0.04,3.89,0.04,0.1,0.75,0,0,0.41,0.03,0.74,1.82,0.41,4.86,0.01,0.36,0.17,0.57,0,0,0.09,0,0,0.56,0.1,0.7,0.1,0,3.46,2.76,1.24
213,0.08,0.07,0,0,0.45,0,0,0,0,0.32,0.04,0,0,0,0.01,0.1,0,0,0,0.09,0.24,9.1,0.16,0.03,3.76,0.04,0.1,0.7,0,0,0.39,0.02,0.71,1.75,0.39,4.8,0.01,0.34,0.16,0.56,0,0,0.08,0,0,0.55,0.09,0.66,0.09,0,3.35,2.71,1.18
214,0.07,0.05,0,0,0.43,0,0,0,0,0.31,0.03,0,0,0,0.01,0.1,0,0,0,0.09,0.23,8.87,0.15,0.03,3.64,0.04,0.09,0.65,0,0,0.37,0.02,0.68,1.69,0.37,4.73,0,0.33,0.15,0.55,0,0,0.07,0,0,0.53,0.08,0.62,0.08,0,3.23,2.66,1.13
215,0.06,0.04,0,0,0.41,0,0,0,0,0.3,0.03,0,0,0,0.01,0.1,0,0,0,0.08,0.22,8.63,0.14,0.03,3.51,0.04,0.08,0.6,0,0,0.35,0.01,0.66,1.62,0.36,4.67,0,0.31,0.14,0.54,0,0,0.07,0,0,0.52,0.07,0.59,0.08,0,3.13,2.62,1.07
216,0.04,0.03,0,0,0.39,0,0,0,0,0.29,0.02,0,0,0,0.01,0.09,0,0,0,0.08,0.21,8.4,0.14,0.03,3.39,0.03,0.08,0.56,0,0,0.33,0.01,0.63,1.55,0.34,4.61,0,0.3,0.13,0.52,0,0,0.06,0,0,0.5,0.06,0.55,0.07,0,3.02,2.57,1.03
217,0.03,0.02,0,0,0.37,0,0,0,0,0.27,0.02,0,0,0,0.01,0.09,0,0,0,0.07,0.19,8.17,0.13,0.03,3.28,0.03,0.07,0.52,0,0,0.31,0.01,0.6,1.48,0.32,4.54,0,0.28,0.13,0.51,0,0,0.06,0,0,0.49,0.05,0.52,0.06,0,2.93,2.52,0.98
218,0.03,0.01,0,0,0.35,0,0,0,0,0.26,0.01,0,0,0,0.01,0.09,0,0,0,0.07,0.19,7.94,0.13,0.02,3.16,0.03,0.07,0.48,0,0,0.29,0.01,0.58,1.42,0.3,4.48,0,0.27,0.12,0.5,0,0,0.05,0,0,0.47,0.04,0.49,0.05,0,2.83,2.47,0.95
219,0.02,0.01,0,0,0.33,0,0,0,0,0.26,0.01,0,0,0,0.01,0.08,0,0,0,0.06,0.18,7.71,0.12,0.02,3.05,0.03,0.06,0.44,0,0,0.28,0,0.55,1.35,0.29,4.42,0,0.26,0.11,0.49,0,0,0.05,0,0,0.46,0.03,0.46,0.05,0,2.74,2.43,0.91
220,0.01,0,0,0,0.31,0,0,0,0,0.25,0,0,0,0,0.01,0.08,0,0,0,0.06,0.17,7.49,0.11,0.02,2.94,0.03,0.06,0.4,0,0,0.26,0,0.53,1.28,0.27,4.36,0,0.25,0.1,0.48,0,0,0.04,0,0,0.45,0.02,0.42,0.04,0,2.65,2.38,0.88
221,0.01,0,0,0,0.3,0,0,0,0,0.24,0,0,0,0,0,0.08,0,0,0,0.05,0.16,7.26,0.11,0.02,2.83,0.02,0.06,0.37,0,0,0.24,0,0.5,1.21,0.26,4.29,0,0.24,0.09,0.47,0,0,0.04,0,0,0.43,0.02,0.4,0.03,0,2.57,2.33,0.85
222,0,0,0,0,0.28,0,0,0,0,0.23,0,0,0,0,0,0.07,0,0,0,0.05,0.15,7.03,0.1,0.02,2.73,0.02,0.05,0.33,0,0,0.23,0,0.48,1.15,0.25,4.23,0,0.23,0.09,0.46,0,0,0.03,0,0,0.42,0.01,0.37,0.03,0,2.48,2.29,0.82
223,0,0,0,0,0.26,0,0,0,0,0.22,0,0,0,0,0,0.07,0,0,0,0.05,0.14,6.81,0.1,0.02,2.62,0.02,0.05,0.3,0,0,0.21,0,0.46,1.08,0.23,4.17,0,0.22,0.08,0.44,0,0,0.03,0,0,0.4,0.01,0.34,0.03,0,2.4,2.24,0.79
224,0,0,0,0,0.25,0,0,0,0,0.21,0,0,0,0,0,0.07,0,0,0,0.04,0.13,6.58,0.09,0.02,2.52,0.02,0.05,0.27,0,0,0.2,0,0.44,1.01,0.22,4.11,0,0.2,0.07,0.43,0,0,0.02,0,0,0.39,0.01,0.31,0.02,0,2.32,2.2,0.77
225,0,0,0,0,0.23,0,0,0,0,0.21,0,0,0,0,0,0.07,0,0,0,0.04,0.12,6.36,0.09,0.02,2.42,0.02,0.05,0.24,0,0,0.18,0,0.42,0.95,0.21,4.04,0,0.19,0.07,0.42,0,0,0.02,0,0,0.38,0,0.29,0.02,0,2.25,2.15,0.74
226,0,0,0,0,0.22,0,0,0,0,0.2,0,0,0,0,0,0.06,0,0,0,0.04,0.12,6.14,0.08,0.02,2.33,0.02,0.04,0.21,0,0,0.17,0,0.4,0.88,0.19,3.98,0,0.19,0.06,0.41,0,0,0.02,0,0,0.36,0,0.26,0.01,0,2.17,2.1,0.72
227,0,0,0,0,0.2,0,0,0,0,0.19,0,0,0,0,0,0.06,0,0,0,0.03,0.11,5.92,0.08,0.01,2.23,0.02,0.04,0.19,0,0,0.16,0,0.38,0.82,0.18,3.92,0,0.18,0.05,0.4,0,0,0.01,0,0,0.35,0,0.24,0.01,0,2.1,2.06,0.69
228,0,0,0,0,0.19,0,0,0,0,0.18,0,0,0,0,0,0.06,0,0,0,0.03,0.1,5.7,0.08,0.01,2.14,0.02,0.04,0.16,0,0,0.15,0,0.36,0.75,0.17,3.86,0,0.17,0.05,0.39,0,0,0.01,0,0,0.34,0,0.22,0.01,0,2.03,2.01,0.67
229,0,0,0,0,0.17,0,0,0,0,0.18,0,0,0,0,0,0.06,0,0,0,0.03,0.1,5.48,0.07,0.01,2.05,0.01,0.04,0.14,0,0,0.13,0,0.34,0.69,0.16,3.8,0,0.16,0.04,0.38,0,0,0.01,0,0,0.32,0,0.2,0.01,0,1.96,1.97,0.65
230,0,0,0,0,0.16,0,0,0,0,0.17,0,0,0,0,0,0.05,0,0,0,0.03,0.09,5.26,0.07,0.01,1.97,0.01,0.03,0.12,0,0,0.12,0,0.32,0.63,0.15,3.73,0,0.15,0.04,0.37,0,0,0.01,0,0,0.31,0,0.18,0,0,1.89,1.92,0.62
231,0,0,0,0,0.15,0,0,0,0,0.17,0,0,0,0,0,0.05,0,0,0,0.03,0.08,5.04,0.06,0.01,1.88,0.01,0.03,0.1,0,0,0.11,0,0.3,0.57,0.14,3.67,0,0.14,0.03,0.35,0,0,0.01,0,0,0.3,0,0.16,0,0,1.83,1.88,0.6
232,0,0,0,0,0.14,0,0,0,0,0.16,0,0,0,0,0,0.05,0,0,0,0.02,0.08,4.83,0.06,0.01,1.8,0.01,0.03,0.09,0,0,0.1,0,0.29,0.52,0.13,3.61,0,0.13,0.03,0.34,0,0,0,0,0,0.28,0,0.14,0,0,1.76,1.83,0.58
233,0,0,0,0,0.13,0,0,0,0,0.15,0,0,0,0,0,0.05,0,0,0,0.02,0.07,4.62,0.06,0.01,1.72,0.01,0.03,0.07,0,0,0.09,0,0.27,0.47,0.12,3.55,0,0.13,0.03,0.33,0,0,0,0,0,0.27,0,0.13,0,0,1.7,1.79,0.56
234,0,0,0,0,0.12,0,0,0,0,0.15,0,0,0,0,0,0.05,0,0,0,0.02,0.07,4.41,0.05,0.01,1.65,0.01,0.03,0.06,0,0,0.08,0,0.26,0.43,0.11,3.49,0,0.12,0.02,0.32,0,0,0,0,0,0.26,0,0.11,0,0,1.63,1.74,0.54
235,0,0,0,0,0.1,0,0,0,0,0.14,0,0,0,0,0,0.04,0,0,0,0.02,0.06,4.2,0.05,0.01,1.57,0.01,0.02,0.05,0,0,0.07,0,0.24,0.4,0.1,3.43,0,0.11,0.02,0.31,0,0,0,0,0,0.25,0,0.1,0,0,1.57,1.7,0.52
236,0,0,0,0,0.1,0,0,0,0,0.14,0,0,0,0,0,0.04,0,0,0,0.02,0.05,4,0.05,0.01,1.5,0.01,0.02,0.04,0,0,0.06,0,0.23,0.37,0.09,3.36,0,0.1,0.02,0.3,0,0,0,0,0,0.23,0,0.08,0,0,1.51,1.66,0.5
237,0,0,0,0,0.09,0,0,0,0,0.13,0,0,0,0,0,0.04,0,0,0,0.02,0.05,3.8,0.04,0.01,1.43,0.01,0.02,0.03,0,0,0.06,0,0.21,0.35,0.08,3.3,0,0.1,0.01,0.29,0,0,0,0,0,0.22,0,0.07,0,0,1.46,1.61,0.48
238,0,0,0,0,0.08,0,0,0,0,0.12,0,0,0,0,0,0.04,0,0,0,0.02,0.05,3.61,0.04,0.01,1.37,0.01,0.02,0.02,0,0,0.05,0,0.2,0.33,0.07,3.24,0,0.09,0.01,0.28,0,0,0,0,0,0.21,0,0.06,0,0,1.4,1.57,0.47
239,0,0,0,0,0.07,0,0,0,0,0.12,0,0,0,0,0,0.04,0,0,0,0.02,0.04,3.43,0.04,0.01,1.3,0.01,0.02,0.01,0,0,0.04,0,0.19,0.31,0.07,3.18,0,0.09,0.01,0.27,0,0,0,0,0,0.2,0,0.05,0,0,1.34,1.52,0.45
240,0,0,0,0,0.06,0,0,0,0,0.11,0,0,0,0,0,0.03,0,0,0,0.01,0.04,3.27,0.03,0,1.24,0.01,0.02,0.01,0,0,0.04,0,0.18,0.29,0.06,3.12,0,0.08,0.01,0.25,0,0,0,0,0,0.19,0,0.04,0,0,1.29,1.48,0.43
